response_fn_40,response_fn_41,response_fn_42,response_fn_43,response_fn_44,response_fn_45,response_fn_46,response_fn_47,response_fn_48,response_fn_49
Viscosity at inlet [Pa s],Fraz. cry_1 at inlet,Fraz. cry_2 at inlet,Fraz. cry_3 at inlet,Total cry. fract. at inlet [wt.],Gas_1 exs. at inlet [vol.],Gas_2 exs. at inlet [vol.],Gas_1 diss. at inlet [wt.],Gas_2 diss. at inlet [wt.],u_1 at inlet [m/s]
,,,,,,,,,
,,,,,,,,,
2274.11567084,0.262211146914,0.0,0.0,0.262211146914,0.305130405314,0.100109227971,0.0160719964147,7.2434624658e-05,4.56145644188
258.644768551,0.162653000374,0.0,0.0,0.162653000374,0.394329419799,0.166726089488,0.0152184760928,8.50945004308e-05,30.9177589417
1324.3166652,0.262979050249,0.0,0.0,0.262979050249,0.145041178827,0.0769553492505,0.0142512201191,9.49688136287e-05,0.184560755384
1205.20041425,0.251673196591,0.0,0.0,0.251673196591,0.309061258539,0.140358725246,0.0153114596742,9.30442152947e-05,0.366716982178
,,,,,,,,,
4203.53374446,0.272681844709,0.0,0.0,0.272681844709,0.288608450884,0.246690863621,0.0134334804537,0.000140516543289,1.45260882378
735.955830733,0.23222159868,0.0,0.0,0.23222159868,0.21047870886,0.227056000549,0.0123772259682,0.00015263791519,2.25585317612
,,,,,,,,,
,,,,,,,,,
327.982266924,0.178780132025,0.0,0.0,0.178780132025,0.066979343503,0.19604080686,0.00912003866965,0.000239026647687,2.78341150284
82.8581387213,0.095180537067,0.0,0.0,0.095180537067,0.385746014164,0.0855578937175,0.0165383628476,5.04162276968e-05,20.7563781738
1601.81700169,0.264367259145,0.0,0.0,0.264367259145,0.15422553899,0.0929842930877,0.013858879077,0.000102909893633,0.374897452076
445.044744115,0.189562573454,0.0,0.0,0.189562573454,0.062822872935,0.243941302211,0.00794614692264,0.0002443713926,13.3232879639
11224.6515638,0.306186044651,0.0,0.0,0.306186044651,0.194360697718,0.229140991157,0.0123205483398,0.000166359575218,1.06337308884
7387.10972738,0.294824853047,0.0,0.0,0.294824853047,0.013238724414,0.0624910815009,0.00713383588606,0.000241794864574,0.0305766984523
,,,,,,,,,
,,,,,,,,,
287.713375163,0.177501438449,0.0,0.0,0.177501438449,0.422929000899,0.0566259603485,0.0168121591391,3.03044256534e-05,25.2477264404
849.362280453,0.224880626243,0.0,0.0,0.224880626243,0.302809531095,0.15718830424,0.0147125228061,9.90062071572e-05,1.15550374985
,,,,,,,,,
,,,,,,,,,
550.134250499,0.237293067109,0.0,0.0,0.237293067109,0.0879336238971,0.0211557849957,0.0166400094183,5.57153708981e-05,1.45464086533
,,,,,,,,,
4602.46699407,0.277018016894,0.0,0.0,0.277018016894,0.0261031284468,0.230310732961,0.00534527813298,0.00026250663054,0.500357903824
640.464014178,0.206485956893,0.0,0.0,0.206485956893,0.300886571083,0.19547734724,0.0137103339247,0.000109083681894,6.62733888626
,,,,,,,,,
,,,,,,,,,
,,,,,,,,,
,,,,,,,,,
,,,,,,,,,
717.308546872,0.22500755591,0.0,0.0,0.22500755591,0.290036756401,0.197982473962,0.0136461286929,0.000113941473488,6.61535048485
199.070399309,0.165621966982,0.0,0.0,0.165621966982,0.213666247982,0.148606912291,0.0136110226986,0.000115646679104,19.5408630371
258.976966916,0.180029971966,0.0,0.0,0.180029971966,0.211728351305,0.165481744125,0.0137753248879,0.000134355580343,21.954498291
,,,,,,,,,
7855.35755448,0.293296620859,0.0,0.0,0.293296620859,0.271740108115,0.212300071581,0.0138469689727,0.000135729621486,0.373146638454
963.417246365,0.229388350285,0.0,0.0,0.229388350285,0.00280067016867,0.0235910599885,0.00574924275429,0.000289863224875,10.9532928467
1594.63625549,0.244520375157,0.0,0.0,0.244520375157,0.0367149218227,0.166356274672,0.0072424510357,0.000238648142853,1.51316802872
,,,,,,,,,
,,,,,,,,,
914.27882953,0.235384002537,0.0,0.0,0.235384002537,0.227791319589,0.228555224074,0.0126089664047,0.000146657896648,15.5140686035
,,,,,,,,,
2838.52171086,0.26910633566,0.0,0.0,0.26910633566,0.342740468711,0.0675858242875,0.0164723450873,4.40677694617e-05,1.31367254257
631.246696692,0.2190383736,0.0,0.0,0.2190383736,0.026948831,0.0981989465597,0.00836427638974,0.000253467373044,14.6809005737
,,,,,,,,,
851.175472848,0.247939574588,0.0,0.0,0.247939574588,0.374743240243,0.020564057147,0.0181654660242,1.3609513766e-05,5.69524335861
382.948918115,0.2182700385,0.0,0.0,0.2182700385,0.0742016307759,0.0825394924172,0.0122535051799,0.00015454800153,0.733285379291
,,,,,,,,,
208.991496175,0.161933384567,0.0,0.0,0.161933384567,0.337659664396,0.184262136847,0.0145800417798,0.000102556516764,20.1583480835
113.265484667,0.0943606539556,0.0,0.0,0.0943606539556,0.315716283425,0.215306852199,0.0136039493653,0.000113106841915,25.3917694092
125.608868603,0.124759150619,0.0,0.0,0.124759150619,0.396869475591,0.0832889644538,0.0169176489094,4.97607561696e-05,25.5989837646
6849.56496514,0.285193490516,0.0,0.0,0.285193490516,0.150567095684,0.251409748542,0.0109486148626,0.000189976145037,1.55789840221
360.287102013,0.19393917112,0.0,0.0,0.19393917112,0.112084781585,0.123777835395,0.0121677711608,0.000151160975315,2.74404418468
4633.28199981,0.28624453132,0.0,0.0,0.28624453132,0.325518468349,0.119719720862,0.0155962701182,7.7016459435e-05,0.740979353249
9064.35021571,0.302229301184,0.0,0.0,0.302229301184,0.272132284834,0.154411197594,0.0145660396617,0.00010673872633,0.170301123695
417.098781224,0.210062405707,0.0,0.0,0.210062405707,0.0224231979599,0.0745295792345,0.00830138022934,0.000226094007709,3.37875890732
492.723009037,0.191477219808,0.0,0.0,0.191477219808,0.117649709285,0.322191117469,0.00915475155957,0.000224270238337,3.15809679031
,,,,,,,,,
24852.1595175,0.322123936724,0.0,0.0,0.322123936724,0.167733178172,0.224205766829,0.0117108133683,0.00017163113598,0.300243096221
1276.83158607,0.252320869688,0.0,0.0,0.252320869688,0.0659751569,0.129636676513,0.010152234384,0.000193923270971,3.36834228039
642.769207561,0.204238255354,0.0,0.0,0.204238255354,0.0723700053623,0.251524591545,0.00812548610592,0.00022704652491,15.4387664795
8903.55703874,0.290235964128,0.0,0.0,0.290235964128,0.0469840678872,0.223484938547,0.00738667215549,0.000261789040576,1.62583017349
220.28084126,0.191800952282,0.0,0.0,0.191800952282,0.367009808923,0.0224116480425,0.0178958289802,1.48068829979e-05,25.758934021
228.322324749,0.164706430166,0.0,0.0,0.164706430166,0.34121598143,0.0512163701541,0.0168251705773,3.43198598955e-05,2.71047472954
491.233680626,0.188028902755,0.0,0.0,0.188028902755,0.333851901017,0.257393802957,0.0133817779701,0.000124779802969,20.1287746429
207.39216972,0.147239579533,0.0,0.0,0.147239579533,0.352392609692,0.179880267427,0.0148106100768,9.85649560885e-05,13.1917572021
1928.10279381,0.257004586798,0.0,0.0,0.257004586798,0.0478956897722,0.185603151233,0.00798090276805,0.000246026371128,0.18664730167
,,,,,,,,,
204.663967686,0.172678479901,0.0,0.0,0.172678479901,0.165672768936,0.166391936235,0.0129224352061,0.000154373358043,27.0869445801
104.662911884,0.122100501313,0.0,0.0,0.122100501313,0.234136574308,0.109169306094,0.0152479778191,9.4906010499e-05,21.4437103271
375.15992432,0.174984677969,0.0,0.0,0.174984677969,0.344108987617,0.24412663546,0.0138886738124,0.000123119912079,28.995513916
,,,,,,,,,
387.380156278,0.173508615082,0.0,0.0,0.173508615082,0.283319558451,0.256147978846,0.0129396721726,0.000138250109673,32.0523834229
101.584912766,0.115005011649,0.0,0.0,0.115005011649,0.336415439963,0.0920170746937,0.0162962474984,6.12819565589e-05,21.5779876709
201.283899172,0.149897242173,0.0,0.0,0.149897242173,0.36560742835,0.111946994142,0.015683032098,6.39661185519e-05,25.6450653076
117.546926727,0.091299078705,0.0,0.0,0.091299078705,0.318993063147,0.242175676565,0.0132969144284,0.000121142818892,25.2913665771
11371.6005132,0.315039941032,0.0,0.0,0.315039941032,0.359127851805,0.0611282822859,0.0164451988115,3.74945849341e-05,0.178790577262
5490.60560451,0.283480204485,0.0,0.0,0.283480204485,0.218574152903,0.259708418656,0.0120312090006,0.000159805234883,0.459245655042
2340.3381899,0.255172258486,0.0,0.0,0.255172258486,0.00479810246363,0.0474683489393,0.00522807532846,0.000283721367602,3.72258377075
129.211254364,0.106112935858,0.0,0.0,0.106112935858,0.0965971438004,0.290778098394,0.00862326193781,0.00021969079124,23.217010498
371.636163914,0.1687090721,0.0,0.0,0.1687090721,0.238380167394,0.28402665902,0.0120664762689,0.000161243500696,24.5309066772
,,,,,,,,,
,,,,,,,,,
317.731862196,0.177430754721,0.0,0.0,0.177430754721,0.341192173746,0.203863299695,0.0144759467143,0.000111413042012,10.5008888245
,,,,,,,,,
19571.5520985,0.307374923302,0.0,0.0,0.307374923302,0.00634918393904,0.0595046611674,0.00519223460178,0.000263948707183,0.0644526610642
3559.91207733,0.269878934948,0.0,0.0,0.269878934948,0.228646637936,0.211030038129,0.0132314220672,0.000147945986028,2.46005296707
,,,,,,,,,
2108.88483442,0.253295764142,0.0,0.0,0.253295764142,0.235392970984,0.240947514394,0.0126495397249,0.000150828647596,2.61873137951
81.5787682968,0.110247754044,0.0,0.0,0.110247754044,0.23754340956,0.047547638229,0.0165543426548,4.52390508759e-05,21.4480495453
7478.03998543,0.286556254306,0.0,0.0,0.286556254306,0.0272956980806,0.26032960303,0.00535122571143,0.000286068680297,1.22605657578
69.4148086818,0.102131857106,0.0,0.0,0.102131857106,0.334812435733,0.0340605181382,0.0176375406676,2.48785528925e-05,20.6338119507
661.286991665,0.243222047732,0.0,0.0,0.243222047732,0.209801606922,0.0379799702549,0.016654999908,4.11135319637e-05,0.319772029068
,,,,,,,,,
386.022736971,0.172545940953,0.0,0.0,0.172545940953,0.353902656727,0.235857597136,0.0136080907066,0.000110411673748,29.2012023926
666.60726885,0.246236975516,0.0,0.0,0.246236975516,0.283969425144,0.0205208760049,0.0177508973246,1.74523266979e-05,7.10984039307
,,,,,,,,,
,,,,,,,,,
3552.91069356,0.274404311692,0.0,0.0,0.274404311692,0.278555318281,0.199978073526,0.0138318565493,0.000123659058746,1.35887956619
154.125966601,0.105560847036,0.0,0.0,0.105560847036,0.349313959954,0.266321379879,0.0134412149765,0.000124411889584,27.1699523926
,,,,,,,,,
9242.21288951,0.301085527794,0.0,0.0,0.301085527794,0.152519309341,0.229986974926,0.01117023876,0.000177379174352,0.192838062586
73.7237778377,0.0750975297488,0.0,0.0,0.0750975297488,0.302208311821,0.143180771838,0.0146147449554,8.85307193926e-05,19.0147399902
,,,,,,,,,
146.560299247,0.149727549579,0.0,0.0,0.149727549579,0.1692617678,0.0611909148586,0.0151283152035,7.10409574024e-05,20.6019592285
743.528056748,0.244083369966,0.0,0.0,0.244083369966,0.306155536836,0.0522334728791,0.0169653704712,4.00601686049e-05,1.16448163986
313.614234243,0.191653459462,0.0,0.0,0.191653459462,0.371235622664,0.129611886589,0.0155438831489,7.232803875e-05,20.369720459
,,,,,,,,,
682.403370877,0.224268283774,0.0,0.0,0.224268283774,0.312936612744,0.115144417945,0.0151867752229,7.29737227355e-05,3.91492605209
428.740109321,0.19865089042,0.0,0.0,0.19865089042,0.0630257827224,0.18973061958,0.00886143917075,0.000232290214684,19.8622894287
,,,,,,,,,
,,,,,,,,,
,,,,,,,,,
1139.96475004,0.233204348899,0.0,0.0,0.233204348899,0.0102358946692,0.0816589628059,0.00589393164159,0.000287665895042,5.35146141052
,,,,,,,,,
6565.59895871,0.275094024847,0.0,0.0,0.275094024847,0.037496749414,0.269100922254,0.00620277529878,0.000284998305436,0.498451265717
155.935999952,0.116875074425,0.0,0.0,0.116875074425,0.194332250801,0.303557576167,0.0108970889654,0.000175139087923,25.9217834473
4921.06307846,0.268177130192,0.0,0.0,0.268177130192,0.0567707522499,0.305648604155,0.00689733957545,0.000259966126679,0.465930286983
108.336410795,0.108685744775,0.0,0.0,0.108685744775,0.411869739866,0.0881091079563,0.0164052751779,4.77002263999e-05,25.7324028015
3791.92983508,0.274655929535,0.0,0.0,0.274655929535,0.156648435065,0.186579956422,0.0118868136589,0.000156314373788,0.205800960076
,,,,,,,,,
,,,,,,,,,
,,,,,,,,,
537.327831763,0.188216913766,0.0,0.0,0.188216913766,0.373365932819,0.203527010575,0.0142658600743,9.79744624166e-05,26.4128112793
2515.28356704,0.277572834905,0.0,0.0,0.277572834905,0.063122301641,0.134225615204,0.0102758735195,0.000216399825251,3.53373479843
4769.94549816,0.284623958901,0.0,0.0,0.284623958901,0.0125211197676,0.0575319307614,0.00742814637624,0.000255131931769,0.369065359274
843.105022084,0.249302309574,0.0,0.0,0.249302309574,0.106304658794,0.0519543465022,0.0146441091279,9.19134981671e-05,0.119283819003
,,,,,,,,,
401.781113605,0.18626910476,0.0,0.0,0.18626910476,0.369064500605,0.239376295627,0.0138479053564,0.000111136795283,32.6442718506
1561.44209415,0.257242581877,0.0,0.0,0.257242581877,0.300309303073,0.168861084097,0.0145661962076,0.000105705692925,6.13374376297
2586.18060403,0.262408763132,0.0,0.0,0.262408763132,0.215525780404,0.265767119443,0.01181332981,0.00016020808147,2.46864461899
151.952778197,0.141841169809,0.0,0.0,0.141841169809,0.379976131102,0.128744546059,0.0152305281025,6.71772389201e-05,26.0328674316
,,,,,,,,,
1803.62435851,0.255274180812,0.0,0.0,0.255274180812,0.0695051624098,0.16938150899,0.00969329392068,0.000222362117322,3.20984733105
,,,,,,,,,
826.809067524,0.225060231039,0.0,0.0,0.225060231039,0.149302990778,0.163761480065,0.0121303683502,0.000149118418411,2.69128298759
5192.61495537,0.282957618525,0.0,0.0,0.282957618525,0.221468218445,0.267008195636,0.0119214333483,0.000159313012429,2.28023284674
2088.07990173,0.249807060446,0.0,0.0,0.249807060446,0.183837556641,0.276374243564,0.011263700139,0.000179840859088,0.172620060169
,,,,,,,,,
118.561663436,0.118832241095,0.0,0.0,0.118832241095,0.417426599853,0.115558000686,0.0158575192347,5.87105346577e-05,25.0018215179
2048.00325095,0.264479487883,0.0,0.0,0.264479487883,0.261092833526,0.0415711733048,0.0168030181299,3.6468181178e-05,3.0075776577
152.798299642,0.14327158597,0.0,0.0,0.14327158597,0.248000636835,0.199333305175,0.013603428243,0.000134949642461,26.8309783936
547.495167508,0.22321346411,0.0,0.0,0.22321346411,0.0495749376006,0.0524724661508,0.0127419515139,0.000158700560962,0.819244641066
4343.24495215,0.279940238889,0.0,0.0,0.279940238889,0.0546458312882,0.23971342458,0.00747896381381,0.000246138604434,1.11405899166
1306.45746964,0.237652342726,0.0,0.0,0.237652342726,0.0337684821698,0.138541150581,0.00765922758942,0.000240482196256,4.25336074829
,,,,,,,,,
,,,,,,,,,
,,,,,,,,,
1316.74538219,0.242563257895,0.0,0.0,0.242563257895,0.327134358299,0.179708438183,0.0147368476136,0.000105575912065,2.43768012524
,,,,,,,,,
,,,,,,,,,
,,,,,,,,,
,,,,,,,,,
478.873390507,0.225881921528,0.0,0.0,0.225881921528,0.110946259931,0.124093989696,0.0121307306688,0.000152296368266,6.29118728638
223.796541112,0.165447914163,0.0,0.0,0.165447914163,0.327959288797,0.154284510845,0.0152334098018,9.56326518595e-05,3.92925977707
511.631048297,0.192522604877,0.0,0.0,0.192522604877,0.209592604675,0.253259971583,0.0120082122658,0.00016208501992,25.023651123
1043.44146473,0.22894733332,0.0,0.0,0.22894733332,0.0919101873344,0.228498362355,0.00926199695588,0.000206996028062,3.92821666598
,,,,,,,,,
,,,,,,,,,
,,,,,,,,,
,,,,,,,,,
337.568964321,0.185611341317,0.0,0.0,0.185611341317,0.244825330575,0.208695651571,0.0134369598692,0.000140178522662,4.29364538193
,,,,,,,,,
87.8056836188,0.0965346362527,0.0,0.0,0.0965346362527,0.354061734613,0.130625893524,0.0158591039992,7.9962583984e-05,25.8379364014
265.528868917,0.194004372295,0.0,0.0,0.194004372295,0.310647423083,0.0520152782937,0.0170491678048,3.96583067106e-05,15.8721876144
393.51936613,0.18924276479,0.0,0.0,0.18924276479,0.151769714886,0.248558754562,0.0107421944206,0.000178960745619,20.5632781982
11976.9635147,0.302627011798,0.0,0.0,0.302627011798,0.115296471205,0.301457099206,0.00912694259406,0.000212055114856,0.774004212141
1621.89939894,0.254268285495,0.0,0.0,0.254268285495,0.205219075231,0.213487120821,0.0128167741745,0.000157651889148,6.86228644848
10086.9022377,0.318650579592,0.0,0.0,0.318650579592,0.0790220349938,0.0585665322791,0.0137889037728,0.000127154354603,0.0636139547868
289.145850733,0.175561889021,0.0,0.0,0.175561889021,0.0386003620597,0.186962474078,0.00713152001821,0.000248421375873,2.06588411331
,,,,,,,,,
19938.067486,0.326446974687,0.0,0.0,0.326446974687,0.0134934075621,0.095088909367,0.00609137509105,0.000269303186229,0.133171437092
1067.85004529,0.244701924121,0.0,0.0,0.244701924121,0.238086191677,0.232547676546,0.0129898523614,0.000151419754018,12.7658843994
584.964810822,0.22021627315,0.0,0.0,0.22021627315,0.107134932883,0.0738264159234,0.0138056519409,0.000117873953523,6.45545005798
,,,,,,,,,
426.874270905,0.192689173933,0.0,0.0,0.192689173933,0.392550725085,0.072421288183,0.0164099306092,4.07063142194e-05,2.5384786129
3092.57059967,0.27851082272,0.0,0.0,0.27851082272,0.155206327488,0.163092616338,0.0122637320262,0.000145622053268,0.697739099193
,,,,,,,,,
463.559398934,0.230955990111,0.0,0.0,0.230955990111,0.348785170623,0.0199106161351,0.0179612748485,1.38752705465e-05,8.47550106049
222.474515382,0.167313431253,0.0,0.0,0.167313431253,0.25379410868,0.19654233527,0.0137845394876,0.000133215086571,5.10073924065
,,,,,,,,,
3555.71128666,0.272181730016,0.0,0.0,0.272181730016,0.206517562535,0.226423623932,0.0126416871705,0.000162182916503,2.86354859582
5895.59922383,0.28113521558,0.0,0.0,0.28113521558,0.0606526816887,0.236420999149,0.00782914728735,0.000238051536648,0.587982237911
259.37207794,0.190367997293,0.0,0.0,0.190367997293,0.403457318709,0.0562626467851,0.016758275624,3.14524758761e-05,10.2868843079
2970.10078105,0.265066935553,0.0,0.0,0.265066935553,0.270868927028,0.25173334303,0.0126033520214,0.000134940686921,0.48719141692
768.817839694,0.242849868789,0.0,0.0,0.242849868789,0.152879612569,0.0809881195205,0.0142851406352,9.52721164753e-05,10.3399467468
226.431495549,0.161875462343,0.0,0.0,0.161875462343,0.311891430751,0.208123455096,0.0140038923581,0.00011723817537,6.07738733292
,,,,,,,,,
,,,,,,,,,
9014.7770686,0.294158332305,0.0,0.0,0.294158332305,0.0318019318109,0.232949912101,0.00601818439193,0.000273884193841,1.12901103497
,,,,,,,,,
140.164702867,0.114441558223,0.0,0.0,0.114441558223,0.2169743018,0.294198343616,0.0116700335768,0.000173048384238,24.3305969238
359.362916093,0.180440171949,0.0,0.0,0.180440171949,0.107932781734,0.300970780144,0.00889649448679,0.000215673143935,12.5658416748
15296.4603538,0.317754637396,0.0,0.0,0.317754637396,0.211290084014,0.230208941097,0.0122087886772,0.000150015546904,0.655962184405
259.082092188,0.179161204952,0.0,0.0,0.179161204952,0.348961649339,0.0125538338369,0.0182885347529,8.76423087365e-06,24.2677307129
220.339950659,0.175796223141,0.0,0.0,0.175796223141,0.284351260531,0.0385278707854,0.0167968074555,3.06375665405e-05,1.36089658737
123.671576379,0.119424712982,0.0,0.0,0.119424712982,0.405084915172,0.108773489832,0.0164614443424,6.13300205429e-05,8.42447745837
2421.99805346,0.269315378148,0.0,0.0,0.269315378148,0.313224382971,0.146983977197,0.0145264111342,8.65434353428e-05,0.726910229802
,,,,,,,,,
,,,,,,,,,
160250.446247,0.383859926401,0.0,0.0,0.383859926401,0.00820780189186,0.0474622406058,0.0065092787766,0.000249368629436,0.0234075289631
178.572495519,0.124864500257,0.0,0.0,0.124864500257,0.370310062675,0.229189930459,0.0140949419592,0.000109568553594,25.3051376343
,,,,,,,,,
,,,,,,,,,
519.574862491,0.192329917274,0.0,0.0,0.192329917274,0.0835422698472,0.31113454138,0.00824426451219,0.00025192618667,15.1944732666
157.250775277,0.141098830189,0.0,0.0,0.141098830189,0.265005847344,0.139888614462,0.0143970953267,9.64356967588e-05,11.915512085
500.175604883,0.195819940154,0.0,0.0,0.195819940154,0.246769049211,0.244684003243,0.012952933132,0.000152996736764,4.8186480999
709.237967256,0.198469898311,0.0,0.0,0.198469898311,0.300336367579,0.26849806445,0.0127044731547,0.000131561288725,18.4368133545
879.305026009,0.221431842443,0.0,0.0,0.221431842443,0.0601682391098,0.260285812635,0.00762943659708,0.000252559454335,2.15530413389
97.3834639182,0.11608446073,0.0,0.0,0.11608446073,0.435579747768,0.0254671984194,0.0177125382028,1.38363925691e-05,11.4910697937
329.522468536,0.161516591821,0.0,0.0,0.161516591821,0.057562976124,0.334950906326,0.00649949312744,0.000250279909884,23.2542419434
,,,,,,,,,
,,,,,,,,,
,,,,,,,,,
8857.93691478,0.295542860771,0.0,0.0,0.295542860771,0.18274654907,0.240931074923,0.0115346868099,0.000163947875313,1.10152027011
115.379003961,0.117403211652,0.0,0.0,0.117403211652,0.102283567886,0.190668918376,0.0104205815989,0.000193290272556,22.7424621582
,,,,,,,,,
1308.90122124,0.25627117661,0.0,0.0,0.25627117661,0.107564348156,0.142185645051,0.0116147199571,0.000166753810949,4.1368611455
,,,,,,,,,
1363.92199879,0.240511068818,0.0,0.0,0.240511068818,0.0809405419433,0.29282115918,0.00808338962657,0.000234542869403,2.70625185966
893.19493051,0.220996725756,0.0,0.0,0.220996725756,0.277412366463,0.1942567059,0.0136767491151,0.000117646563849,2.66004061699
5071.16528896,0.289307158482,0.0,0.0,0.289307158482,0.286442097087,0.17709033467,0.0137900941194,0.000104655205515,2.12591409683
1195.91380779,0.253443472704,0.0,0.0,0.253443472704,0.277843806153,0.129702412703,0.0145795533964,8.67041549152e-05,2.70313727856
,,,,,,,,,
,,,,,,,,,
86.9442874405,0.0908846655549,0.0,0.0,0.0908846655549,0.369396346064,0.0875033229925,0.0161833380324,5.17624420749e-05,22.4404716492
34023.0259059,0.330776396516,0.0,0.0,0.330776396516,0.0372291000025,0.299408279932,0.00560926883652,0.000262236459697,0.332208014381
5478.40629714,0.276881570107,0.0,0.0,0.276881570107,0.325096530687,0.215557670039,0.0139943849687,0.000116276536096,0.778600259632
2982.84659491,0.277350135877,0.0,0.0,0.277350135877,0.0214315759198,0.0604662825703,0.00893597366776,0.000220393036202,0.661941432166
,,,,,,,,,
,,,,,,,,,
,,,,,,,,,
,,,,,,,,,
488.060248485,0.212102433244,0.0,0.0,0.212102433244,0.236741333065,0.15788601115,0.0143114695748,0.000122488758216,22.6879119873
117.289657362,0.127137110727,0.0,0.0,0.127137110727,0.052096019524,0.125693392436,0.00957643700392,0.000214596871637,20.8110046387
,,,,,,,,,
89.423791722,0.105400845298,0.0,0.0,0.105400845298,0.14542072387,0.188124787846,0.0119011298033,0.000171253230473,21.3148498535
784.61684857,0.238237323073,0.0,0.0,0.238237323073,0.150574621874,0.210233705152,0.0118134355019,0.000183098883128,7.00493812561
,,,,,,,,,
,,,,,,,,,
,,,,,,,,,
,,,,,,,,,
3090.1384899,0.259479488297,0.0,0.0,0.259479488297,0.346099043821,0.20587129523,0.0143147380472,0.000108367870056,1.01995992661
761.635576355,0.226712638289,0.0,0.0,0.226712638289,0.198008668061,0.253421032891,0.0118305336587,0.00016724167788,8.73952484131
,,,,,,,,,
1543.26109706,0.25381739042,0.0,0.0,0.25381739042,0.0394281320277,0.182152246712,0.00717268380677,0.000238905317492,7.46868133545
,,,,,,,,,
1603.938844,0.250999573703,0.0,0.0,0.250999573703,0.237327819935,0.218235257832,0.0133058671996,0.000149060413174,0.227148878383
1198.93627908,0.234477704184,0.0,0.0,0.234477704184,0.0895849544092,0.271869250953,0.0086819853816,0.000224714439774,2.41993784904
2197.43942501,0.261853960958,0.0,0.0,0.261853960958,0.189841859791,0.214855931867,0.0123894611706,0.000161039413589,1.72836244106
,,,,,,,,,
14329.3028563,0.302562128401,0.0,0.0,0.302562128401,0.0764256810464,0.308283176214,0.00765686764192,0.000235993992855,0.180197926399
1803.50076874,0.260077864483,0.0,0.0,0.260077864483,0.0677329374696,0.163022042163,0.0094669788687,0.000209061215111,0.573468282849
,,,,,,,,,
6228.04091013,0.286666181221,0.0,0.0,0.286666181221,0.230703964046,0.219696721602,0.0130534480495,0.000148828106257,0.205679358361
79.5122931184,0.083076440454,0.0,0.0,0.083076440454,0.343672220847,0.123150150733,0.0156154035216,7.50802330451e-05,23.943157196
362.98431465,0.192466976516,0.0,0.0,0.192466976516,0.07385767487,0.130946943802,0.0106403074391,0.000191132148534,15.9312438965
3585.80744249,0.272617567648,0.0,0.0,0.272617567648,0.0220757503923,0.164876365402,0.00594375010464,0.000272634652956,0.261712175979
2497.95063785,0.270246098814,0.0,0.0,0.270246098814,0.119641056425,0.0976531152198,0.0132397223784,0.000129803028474,0.721409616065
90.9180927172,0.067147891595,0.0,0.0,0.067147891595,0.412628471959,0.185815205716,0.014665855086,8.44275792844e-05,24.3105697632
368.335901485,0.202418576893,0.0,0.0,0.202418576893,0.0686523430219,0.069890444806,0.0124335659551,0.000144759363644,7.0422744751
245.475440607,0.149382482236,0.0,0.0,0.149382482236,0.0999966851026,0.338094206957,0.00820678252098,0.000224951358152,26.9421005249
,,,,,,,,,
1155.00526847,0.242747514794,0.0,0.0,0.242747514794,0.327156720181,0.11693786658,0.0153201157728,7.20109756952e-05,8.6010799408
513.117702276,0.200922094729,0.0,0.0,0.200922094729,0.414088244307,0.0476014941791,0.016953689435,2.61676895103e-05,15.8208465576
,,,,,,,,,
,,,,,,,,,
15480.4794317,0.299502296873,0.0,0.0,0.299502296873,0.0240598979278,0.27706467388,0.00473415757695,0.000272684107857,0.703801670533
,,,,,,,,,
733.702008425,0.206432115195,0.0,0.0,0.206432115195,0.313420003189,0.241842873556,0.0135433066806,0.000127993858614,5.47655534744
855.967380872,0.227292746023,0.0,0.0,0.227292746023,0.272275787592,0.137620633181,0.014745014598,9.66445557054e-05,1.36487054825
1358.90307227,0.229480127317,0.0,0.0,0.229480127317,0.283661331013,0.224890583377,0.0131106106637,0.000123310527915,10.7229232788
5033.01743007,0.281071504437,0.0,0.0,0.281071504437,0.223146262689,0.191835127824,0.0133713159796,0.000140052191735,0.474699740347
63.7274075282,0.0897508580281,0.0,0.0,0.0897508580281,0.217719404536,0.0746542688339,0.0154633560696,7.01889508656e-05,20.4900360107
222.635066009,0.149166612859,0.0,0.0,0.149166612859,0.314517900284,0.263403760377,0.0131456981748,0.000131511560602,30.0759315491
1525.1008226,0.254865170541,0.0,0.0,0.254865170541,0.0310260445503,0.0368343610917,0.0122824251686,0.000166554131038,3.9853887558
3874.42513882,0.265881831573,0.0,0.0,0.265881831573,0.159557671856,0.268537052032,0.0107339027974,0.000183993520192,0.804138653398
259.137144887,0.18870092839,0.0,0.0,0.18870092839,0.0619868614594,0.118979046256,0.0105313421278,0.000203820589619,24.1551208496
151.210399457,0.110670559261,0.0,0.0,0.110670559261,0.36084464933,0.243535758146,0.0138403049507,0.000115858597232,27.321395874
23964.1625176,0.327310548627,0.0,0.0,0.327310548627,0.302780985425,0.157890321186,0.0144860718646,9.63855390697e-05,0.214937559503
2074.73236385,0.258682335167,0.0,0.0,0.258682335167,0.0447604699155,0.140649944154,0.00863361248043,0.000230633699063,1.76100707054
,,,,,,,,,
181.356671915,0.149376505565,0.0,0.0,0.149376505565,0.324730493567,0.21041661039,0.0143534836009,0.000119467206523,29.2478942871
,,,,,,,,,
1761.12531692,0.23598120195,0.0,0.0,0.23598120195,0.353305729933,0.232598288767,0.0141586480185,0.00011817558684,9.84569305182
,,,,,,,,,
1255.01985459,0.243709764586,0.0,0.0,0.243709764586,0.0889243107693,0.246684075941,0.00904131139015,0.00022167478338,4.49833440781
7378.39528701,0.297116154449,0.0,0.0,0.297116154449,0.267670642357,0.123123096817,0.015010790076,9.05809532891e-05,0.523608721037
,,,,,,,,,
280.240448446,0.175104048388,0.0,0.0,0.175104048388,0.363091247195,0.189226987627,0.0144001425963,9.51588793061e-05,4.66306066513
167.727847199,0.12923961596,0.0,0.0,0.12923961596,0.350416942087,0.22509806557,0.0144139439206,0.000119379178351,28.1914901733
311.560005231,0.175009226601,0.0,0.0,0.175009226601,0.419370348729,0.0859489187056,0.0163677851752,4.53392760826e-05,29.4096374512
,,,,,,,,,
920.55930326,0.236093019009,0.0,0.0,0.236093019009,0.359055808141,0.0222558724671,0.0181694601719,1.55207346264e-05,9.77215385437
,,,,,,,,,
,,,,,,,,,
,,,,,,,,,
156.984045958,0.123196000965,0.0,0.0,0.123196000965,0.401190869921,0.151689218391,0.0156092274775,7.94758838328e-05,27.2776794434
276.633454422,0.197209267368,0.0,0.0,0.197209267368,0.320038790153,0.0130867541493,0.0174773272252,9.16694283168e-06,7.43967056274
1190.58420226,0.256601047139,0.0,0.0,0.256601047139,0.249332848298,0.0751751519142,0.0162174808448,6.73757808026e-05,3.48312902451
,,,,,,,,,
,,,,,,,,,
,,,,,,,,,
9399.52173647,0.306380824345,0.0,0.0,0.306380824345,0.113126730657,0.247885108517,0.00986231471911,0.000205488418635,0.837026581764
,,,,,,,,,
1333.79774391,0.241574870719,0.0,0.0,0.241574870719,0.236602238754,0.263676348121,0.0123010872295,0.000156087960334,4.68243479729
747.644795476,0.225222180586,0.0,0.0,0.225222180586,0.0878422522266,0.26313140019,0.00888085914306,0.000232093944515,17.0614242554
332.479665028,0.192798971943,0.0,0.0,0.192798971943,0.0485161717523,0.0956575795338,0.0101174919777,0.0001932780108,1.63613843918
174.021911629,0.137999970896,0.0,0.0,0.137999970896,0.172059438534,0.271018804714,0.0109222333722,0.000177552317575,10.40184021
6701.53684469,0.301853577355,0.0,0.0,0.301853577355,0.0921717646879,0.105410508165,0.0124040706499,0.00016324844858,0.421901741957
213.615297772,0.187042203119,0.0,0.0,0.187042203119,0.404404111468,0.0171975029448,0.017927917911,1.00722443102e-05,26.9921112061
,,,,,,,,,
172.428223443,0.138575779864,0.0,0.0,0.138575779864,0.290397275764,0.186993937979,0.0143903180012,0.000119288534575,25.922088623
4548.61735009,0.281574532996,0.0,0.0,0.281574532996,0.0665391577741,0.268570136514,0.00792858077844,0.000253605366199,1.95837581158
981.23356863,0.230793043956,0.0,0.0,0.230793043956,0.0139986282726,0.0810618349958,0.00666114206967,0.000261804809147,0.669007040191
,,,,,,,,,
4421.40643393,0.294851769848,0.0,0.0,0.294851769848,0.271164913818,0.0237573434178,0.0176002348477,2.10957374179e-05,1.11643651704
1120.69768272,0.240451131008,0.0,0.0,0.240451131008,0.283777733492,0.0824551724764,0.0160423494346,6.33290062466e-05,3.9375166893
233.343042198,0.144553971716,0.0,0.0,0.144553971716,0.154380611897,0.314787707283,0.0101485285901,0.000201645564356,22.3377990723
5843.94503197,0.294991487497,0.0,0.0,0.294991487497,0.170295029325,0.129090332876,0.0135892492069,0.000126445474699,0.243194833308
,,,,,,,,,
,,,,,,,,,
200.768123448,0.155742551703,0.0,0.0,0.155742551703,0.229125344617,0.218787982948,0.0129729012997,0.000147386817699,6.73995089531
,,,,,,,,,
,,,,,,,,,
399.032550678,0.198941137007,0.0,0.0,0.198941137007,0.0787823879402,0.160814576088,0.0104117066182,0.000212731233412,10.1233673096
309.618786435,0.199156451133,0.0,0.0,0.199156451133,0.368800181243,0.00909654165464,0.0184031318848,5.9164083874e-06,8.09160614014
450.512639655,0.197582998341,0.0,0.0,0.197582998341,0.382931284081,0.114470415839,0.0156871702774,6.23702757018e-05,1.27988314629
443.586645093,0.216447462433,0.0,0.0,0.216447462433,0.412024663233,0.0361443663192,0.0173573919546,2.05329235782e-05,2.47527289391
768.481110483,0.221450895354,0.0,0.0,0.221450895354,0.0137051400338,0.0951385564702,0.00620443461983,0.000275136400366,12.687664032
787.793584487,0.234661072545,0.0,0.0,0.234661072545,0.267574283095,0.160626413426,0.0142708498935,0.000108754947373,0.239866121595
,,,,,,,,,
96.411354373,0.113719835691,0.0,0.0,0.113719835691,0.360266986039,0.0262138276402,0.0180697589177,1.82334628546e-05,9.92683792114
357.725075629,0.196705267358,0.0,0.0,0.196705267358,0.106361572352,0.116251929498,0.0125063760921,0.000158124095813,2.42908525467
212.864910513,0.151058151816,0.0,0.0,0.151058151816,0.04955826566,0.199469812494,0.00770970996498,0.000238774530747,21.7008972168
19734.2525104,0.322632932188,0.0,0.0,0.322632932188,0.0166937207985,0.0688765781286,0.00774437548944,0.000247477607589,0.018404670752
,,,,,,,,,
1234.81125963,0.24045327754,0.0,0.0,0.24045327754,0.0119620399043,0.0479202742218,0.00787798703341,0.00024829169037,6.1960504055
,,,,,,,,,
1805.74574255,0.252559510418,0.0,0.0,0.252559510418,0.240341175699,0.186857159674,0.0132156767582,0.000122733298843,4.37282419205
498.154454384,0.210964553878,0.0,0.0,0.210964553878,0.0846412110225,0.135249827888,0.0111154725884,0.000186896842506,11.5392303467
100.833957147,0.124765841326,0.0,0.0,0.124765841326,0.135069198804,0.120324727155,0.0130535068145,0.000138531001598,21.3976287842
,,,,,,,,,
1539.93618148,0.229521347683,0.0,0.0,0.229521347683,0.341105614569,0.248764922463,0.0134528683907,0.000118821605595,1.56347417831
326.2444102,0.146446660157,0.0,0.0,0.146446660157,0.0232882746464,0.323317382446,0.00429548788153,0.000273274726881,2.97475600243
424.98202006,0.185924138864,0.0,0.0,0.185924138864,0.270977708014,0.26985815752,0.0126208564125,0.000145762785495,8.41898584366
845.343269172,0.239686645199,0.0,0.0,0.239686645199,0.157568161913,0.164763240595,0.0127156974387,0.000155981708339,14.013633728
259.98038698,0.18841151401,0.0,0.0,0.18841151401,0.309512963099,0.129100396566,0.0150148635588,8.1583456006e-05,27.935333252
,,,,,,,,,
10318.3788492,0.302740821782,0.0,0.0,0.302740821782,0.132903646215,0.209543152116,0.0112638240562,0.000189287250738,0.307846687761
161.126550948,0.135731136245,0.0,0.0,0.135731136245,0.32258964066,0.208283800885,0.0141106936683,0.000114929241174,27.3952484131
679.593614626,0.218864849419,0.0,0.0,0.218864849419,0.420386870258,0.0227654302918,0.0173029457403,1.21468467902e-05,11.7423629761
3390.42283206,0.266710122013,0.0,0.0,0.266710122013,0.352535272229,0.233598003326,0.0138465104303,0.000113697897879,1.9618524909
904.958376419,0.230581641135,0.0,0.0,0.230581641135,0.226688164969,0.256877848097,0.0119641005805,0.000150137989132,3.06207799911
19470.6074812,0.327855838253,0.0,0.0,0.327855838253,0.0488889982865,0.155361293217,0.00841063526536,0.00022127845403,0.293559469632
171.728560277,0.136682813658,0.0,0.0,0.136682813658,0.228479256878,0.223224889231,0.0124981907363,0.000139973011933,25.3746032715
,,,,,,,,,
1523.01146013,0.249595068555,0.0,0.0,0.249595068555,0.263463239397,0.254248770757,0.0125994679631,0.000140427725785,7.97016859055
1348.04187857,0.252235831446,0.0,0.0,0.252235831446,0.230376093509,0.199922092709,0.013063344639,0.00013489255165,7.26460170746
11447.2761467,0.29632003257,0.0,0.0,0.29632003257,0.297700814103,0.22084787003,0.0133653482321,0.000119417466344,0.758255295753
480.35820452,0.218108698162,0.0,0.0,0.218108698162,0.198306797321,0.0887141001696,0.0149872305322,8.76298909798e-05,2.3577889204
184.21017397,0.139897706093,0.0,0.0,0.139897706093,0.140873186749,0.305320542076,0.0100358291808,0.00021045604364,4.80336809158
47.7055902239,0.0851700047398,0.0,0.0,0.0851700047398,0.0837850330201,0.0293190639959,0.0154577097618,7.16856644777e-05,9.83036422729
2750.78947873,0.261677081707,0.0,0.0,0.261677081707,0.0875861324515,0.183358857947,0.0103361921267,0.000215357327478,1.92906999588
466.098401399,0.197459714474,0.0,0.0,0.197459714474,0.366292722769,0.131902155732,0.0157366764402,7.66811832927e-05,8.82143735886
,,,,,,,,,
166.725992566,0.17092924625,0.0,0.0,0.17092924625,0.121580033445,0.0901733609867,0.0136411714228,0.000124481189176,23.3007049561
1279.37514498,0.253131848116,0.0,0.0,0.253131848116,0.0629091958613,0.142350609599,0.00955151618322,0.000199231349087,5.16941452026
,,,,,,,,,
4377.84837902,0.278753536983,0.0,0.0,0.278753536983,0.187610076436,0.241898626156,0.0119603619976,0.000172384033221,1.62174677849
1685.12977336,0.256205128175,0.0,0.0,0.256205128175,0.190316066981,0.163858311372,0.0130246224797,0.000132942597615,1.42011117935
,,,,,,,,,
2951.51606305,0.267026048535,0.0,0.0,0.267026048535,0.262460961303,0.128738695038,0.0145661606464,9.12709486694e-05,1.69740438461
373.446350053,0.187137239316,0.0,0.0,0.187137239316,0.256947715415,0.231307455234,0.0131124369739,0.000141395060729,22.1293640137
214.32359919,0.171195234264,0.0,0.0,0.171195234264,0.214473163349,0.160268230059,0.0133643695983,0.000120337541267,5.33745276928
196.340280239,0.153620851008,0.0,0.0,0.153620851008,0.397959169934,0.0348436571714,0.0172123718002,2.0142130639e-05,22.8108215332
287.517357367,0.204534476133,0.0,0.0,0.204534476133,0.155562166388,0.114280899266,0.0137147457135,0.000124572851676,15.8306121826
,,,,,,,,,
,,,,,,,,,
,,,,,,,,,
366.678325474,0.184048672481,0.0,0.0,0.184048672481,0.316790307854,0.243879978851,0.0136502967692,0.00012974767272,5.82761466503
22892.195281,0.319323819524,0.0,0.0,0.319323819524,0.0416388572364,0.164106774397,0.00799311939053,0.000251321134422,0.398656630584
4701.45535738,0.277415949267,0.0,0.0,0.277415949267,0.283997329233,0.237913702201,0.0135940789288,0.000140892289993,4.12075018883
1274.7572609,0.239334582793,0.0,0.0,0.239334582793,0.191475352534,0.197277538992,0.01236867767,0.000145074916606,2.49332412047
491.89627848,0.215754521262,0.0,0.0,0.215754521262,0.333808068236,0.136747668836,0.0156403181179,8.6982614063e-05,4.86496019363
563.084093492,0.235066983525,0.0,0.0,0.235066983525,0.0169024760591,0.0299036281028,0.0104097342983,0.000182340294021,3.34485149384
,,,,,,,,,
451.142260037,0.187645771364,0.0,0.0,0.187645771364,0.130200895979,0.277984949114,0.0102189400113,0.00021488656414,24.4487762451
237.831270089,0.159108157231,0.0,0.0,0.159108157231,0.185241515044,0.273002485438,0.0116104721587,0.00018729823377,28.4927177429
,,,,,,,,,
1342.91648195,0.240092935463,0.0,0.0,0.240092935463,0.217973305834,0.252710872983,0.0124322150225,0.000166433711372,10.5921173096
2624.41322265,0.278587116324,0.0,0.0,0.278587116324,0.070136820479,0.118431189418,0.0109110299431,0.000190931784326,3.33658385277
,,,,,,,,,
,,,,,,,,,
3892.2626011,0.290445016312,0.0,0.0,0.290445016312,0.0985028684515,0.114371562678,0.0124281343197,0.000166589239313,2.69854211807
1051.5728463,0.239336238884,0.0,0.0,0.239336238884,0.123642520447,0.141861149674,0.0122650759098,0.000160087365883,10.0913238525
393.962983997,0.173214565002,0.0,0.0,0.173214565002,0.372139046468,0.189346243999,0.0147000046505,9.67286314494e-05,25.0297546387
1642.44217145,0.245563119113,0.0,0.0,0.245563119113,0.108987281598,0.203211008212,0.0105285979298,0.000197457008307,2.10843038559
44.808546407,0.0602716342953,0.0,0.0,0.0602716342953,0.287245028604,0.0142325475293,0.0174939145799,1.12906962751e-05,17.5936126709
887.975047821,0.213128658121,0.0,0.0,0.213128658121,0.227345351182,0.273233411958,0.0122887973451,0.000168941347725,1.04802656174
284.783674619,0.165745738449,0.0,0.0,0.165745738449,0.235130644197,0.268615173989,0.0121871624171,0.000157283402896,24.8806381226
,,,,,,,,,
,,,,,,,,,
8669.72245929,0.295669270344,0.0,0.0,0.295669270344,0.138208308691,0.254056192657,0.0103004019691,0.00018594072684,0.20438990023
493.3192341,0.224810030063,0.0,0.0,0.224810030063,0.231436642916,0.103588166661,0.0146304301698,8.34630805738e-05,5.94356226921
57502.8699919,0.348986988639,0.0,0.0,0.348986988639,0.0289003189984,0.19523873453,0.00616015548313,0.000263325189038,0.141644264231
94.1793792249,0.104980332715,0.0,0.0,0.104980332715,0.274260704909,0.134308268733,0.0150081792173,9.6855019667e-05,20.092086792
796.496860425,0.23301337329,0.0,0.0,0.23301337329,0.168285517753,0.0985358335895,0.0143745411491,0.00010745867506,5.3566198349
331.779274415,0.175818383232,0.0,0.0,0.175818383232,0.0496974558361,0.260347166713,0.00710495419077,0.000268215349256,30.9203338623
388.260067884,0.180273633386,0.0,0.0,0.180273633386,0.333463365209,0.21805706078,0.0137782329368,0.000110965346525,31.3053131104
223.609873674,0.159418609461,0.0,0.0,0.159418609461,0.358003573097,0.0899230725553,0.0158040072254,5.25183913499e-05,11.0459136963
14112.4181312,0.305404844681,0.0,0.0,0.305404844681,0.136805208013,0.237566966695,0.0110334395152,0.000201308016998,0.713529447824
623.521156464,0.221101318253,0.0,0.0,0.221101318253,0.22339123376,0.134533577175,0.0145146905281,0.000112977249337,1.94450449944
362.53658251,0.193578849509,0.0,0.0,0.193578849509,0.048074635686,0.116766706516,0.00966693053225,0.000220337243605,12.3595428467
,,,,,,,,,
,,,,,,,,,
237.448397092,0.150934467682,0.0,0.0,0.150934467682,0.330398306136,0.193827665479,0.014460335288,0.000108998072017,28.8832855225
,,,,,,,,,
,,,,,,,,,
,,,,,,,,,
3195.29485689,0.264379941082,0.0,0.0,0.264379941082,0.237141590223,0.262131996054,0.0126704740696,0.000164376059671,3.99235606194
4901.02988267,0.270130777846,0.0,0.0,0.270130777846,0.0636616442552,0.316265347506,0.00730023325959,0.000267787026897,1.30639410019
387.912086392,0.191388729255,0.0,0.0,0.191388729255,0.247388098964,0.199188529655,0.0134276398805,0.000131654749708,25.897064209
567.350845171,0.208651939089,0.0,0.0,0.208651939089,0.273062343811,0.27075098742,0.0128157927944,0.000149700259442,4.44441771507
2549.36356808,0.277118599881,0.0,0.0,0.277118599881,0.331600291757,0.0408453639873,0.0174313685739,2.98325348668e-05,2.62723398209
153.118713215,0.164241092234,0.0,0.0,0.164241092234,0.060869911405,0.0151174191395,0.0158560129791,5.22338545383e-05,5.75603294373
1410.72209756,0.243111543712,0.0,0.0,0.243111543712,0.121848120755,0.293599925018,0.00946480897811,0.00020921719506,5.30092000961
3797.32297602,0.273358322267,0.0,0.0,0.273358322267,0.137270604952,0.286861251472,0.0102597717368,0.000211709022139,3.57846975327
582.254635201,0.234012839054,0.0,0.0,0.234012839054,0.0582975377573,0.0708961141331,0.011943935326,0.000161423501067,10.7904815674
2545.30354789,0.268424743441,0.0,0.0,0.268424743441,0.169616154659,0.262115174569,0.0113275882118,0.000187400025051,4.91561102867
,,,,,,,,,
12537.4419432,0.312123214498,0.0,0.0,0.312123214498,0.058214164191,0.0844665085245,0.0112363917642,0.000172254304522,0.137901945361
1616.08647681,0.255639483105,0.0,0.0,0.255639483105,0.363050028509,0.0504340598284,0.0168592455581,3.17102321075e-05,6.25808990002
1036.4907991,0.228506779824,0.0,0.0,0.228506779824,0.259529537728,0.193187393997,0.0139351905397,0.000130537539833,0.418090891819
65784.7392184,0.352318851822,0.0,0.0,0.352318851822,0.0374677834063,0.191012205139,0.0068794400019,0.000243858551623,0.0421453510007
423.437377223,0.18274785739,0.0,0.0,0.18274785739,0.164968830223,0.281018124847,0.0108340288527,0.000189970919058,10.9859466553
,,,,,,,,,
772.937137723,0.234589884209,0.0,0.0,0.234589884209,0.132919330148,0.118581469866,0.013318365943,0.000144564877539,1.0762155056
491.823396426,0.223180281087,0.0,0.0,0.223180281087,0.103292323565,0.103357804871,0.0129280401781,0.000153897347066,1.02514410019
327.830171834,0.174197841754,0.0,0.0,0.174197841754,0.319373077278,0.256438534831,0.0136304799289,0.000135350768575,33.7726593018
223.010596823,0.167552536952,0.0,0.0,0.167552536952,0.175112528587,0.140055249923,0.0133292895277,0.000128761804094,24.4674634933
6604.65268518,0.29725463505,0.0,0.0,0.29725463505,0.0331131724577,0.0421690225413,0.0115286115189,0.000157782416923,0.163267232425
1939.27498951,0.270688301053,0.0,0.0,0.270688301053,0.102683778464,0.139770609654,0.0117325183173,0.000175678236684,5.82495498657
,,,,,,,,,
2671.47227431,0.268615521931,0.0,0.0,0.268615521931,0.357847815281,0.115203049444,0.015399942855,6.50390014957e-05,4.50792491436
530.067882799,0.212293789094,0.0,0.0,0.212293789094,0.14503793949,0.278012827855,0.0103118231405,0.000194943991016,7.41895103455
1615.59691921,0.269295028149,0.0,0.0,0.269295028149,0.0481383380531,0.0648052641512,0.0119398285867,0.000179936081212,1.84188318253
1338.81362194,0.267050849912,0.0,0.0,0.267050849912,0.0465062572329,0.0140193734555,0.0158352203615,6.41560422489e-05,2.78191161156
1225.3933092,0.23757645295,0.0,0.0,0.23757645295,0.354366048371,0.201109686653,0.0147910782457,0.000110160381363,6.62808561325
342.362243026,0.204061170939,0.0,0.0,0.204061170939,0.0539509030437,0.0830782087473,0.0111843867513,0.00018189456489,3.88958454132
395.37458645,0.199159166986,0.0,0.0,0.199159166986,0.325693193825,0.179417652414,0.0143578582007,0.000100399856985,29.5845794678
,,,,,,,,,
,,,,,,,,,
,,,,,,,,,
,,,,,,,,,
2357.30475274,0.260385901126,0.0,0.0,0.260385901126,0.0114821958245,0.111487977261,0.00519501320618,0.000274483994325,2.30143979787
6723.13681259,0.301383025501,0.0,0.0,0.301383025501,0.0764545741392,0.0818513643698,0.0127219178321,0.000160142138703,0.494259741463
1584.68964244,0.254423163124,0.0,0.0,0.254423163124,0.334045519742,0.152069311601,0.0147290224383,8.61724317929e-05,0.18444365943
,,,,,,,,,
383.3084328,0.19922560035,0.0,0.0,0.19922560035,0.174655776775,0.20679788272,0.0123440249572,0.000167782735684,30.6714248657
3630.71314684,0.280536068429,0.0,0.0,0.280536068429,0.0025879443323,0.0145435308175,0.00693558488118,0.000275321630782,0.576420462544
822.641558552,0.237361516225,0.0,0.0,0.237361516225,0.189858452656,0.0682612731502,0.0153794857953,7.30414623228e-05,6.95012664795
2975.51176078,0.276686744711,0.0,0.0,0.276686744711,0.303277495989,0.185936960566,0.0145199735327,0.000115254270335,1.35440778732
1242.90815927,0.250222809577,0.0,0.0,0.250222809577,0.171737440495,0.0772204916344,0.0147778433562,8.56123032837e-05,0.27023325923
,,,,,,,,,
16058.5908039,0.31151275534,0.0,0.0,0.31151275534,0.0571746703808,0.199825905233,0.00819708639818,0.000232548808468,0.182339543049
,,,,,,,,,
243.717835262,0.19705201359,0.0,0.0,0.19705201359,0.1862909235,0.0309682408457,0.0170522561288,3.9366009177e-05,11.1864471436
585.201801313,0.216932878937,0.0,0.0,0.216932878937,0.33953426212,0.0671668261734,0.0163007143612,4.32816843454e-05,15.3123474121
868.328819167,0.237282383903,0.0,0.0,0.237282383903,0.233585314973,0.231173892927,0.0125639534679,0.000143457041855,11.4352035522
615.328388901,0.210504108299,0.0,0.0,0.210504108299,0.296093038208,0.18766751332,0.0144428813737,0.000118153639175,1.55442225933
18479.3577479,0.313247126693,0.0,0.0,0.313247126693,0.231180809372,0.272251084297,0.0118171775748,0.00015257772151,0.492691592315
113.46530477,0.149266715639,0.0,0.0,0.149266715639,0.154639896737,0.0667048598809,0.0150216549745,8.46612256636e-05,20.466003418
251.635859852,0.16964406244,0.0,0.0,0.16964406244,0.157712782412,0.212945644062,0.0115563462879,0.000168852162849,10.6218719482
2620.73730955,0.273578806356,0.0,0.0,0.273578806356,0.0519043530875,0.163882980988,0.00864612787831,0.000232514822738,3.50490427017
412.52522676,0.186070974156,0.0,0.0,0.186070974156,0.103427639751,0.236183618003,0.0096254195209,0.000204393862641,12.7573394775
476.588710096,0.181661883208,0.0,0.0,0.181661883208,0.37120661766,0.206517538198,0.014115926903,9.80049050226e-05,21.3582611084
,,,,,,,,,
,,,,,,,,,
,,,,,,,,,
7482.69201393,0.29833693887,0.0,0.0,0.29833693887,0.206517947971,0.203871817121,0.0127457445428,0.000147334137767,1.12019300461
,,,,,,,,,
321.489272182,0.184693962691,0.0,0.0,0.184693962691,0.306749489791,0.134631677959,0.0154627798103,9.1512267437e-05,13.4812921286
,,,,,,,,,
4610.02321773,0.277561026684,0.0,0.0,0.277561026684,0.0338955671694,0.190177187694,0.00676812740073,0.000261446991788,0.635180960587
543.272181884,0.215936568848,0.0,0.0,0.215936568848,0.297329705388,0.207697983002,0.0134747403889,0.000113822799171,8.78331565857
3164.56170083,0.274727489681,0.0,0.0,0.274727489681,0.182776233408,0.270053549838,0.0112278538439,0.000175371780011,0.414624457827
225.944142003,0.151922986012,0.0,0.0,0.151922986012,0.333890947045,0.227432031123,0.0137606838943,0.000115640363574,5.9642624855
761.172761652,0.213978871807,0.0,0.0,0.213978871807,0.21781922718,0.260582276869,0.0119936778975,0.00015995575963,15.7670593262
182.596269638,0.157368811015,0.0,0.0,0.157368811015,0.320440739972,0.134267865435,0.015276396026,8.49299723987e-05,20.1091003418
,,,,,,,,,
13172.1011264,0.303307779906,0.0,0.0,0.303307779906,0.222700551682,0.250280233704,0.0124980828145,0.00016270662784,0.521285433271
,,,,,,,,,
541.740530686,0.233138785752,0.0,0.0,0.233138785752,0.257430872622,0.0676756012728,0.0165827832338,6.08554310669e-05,5.18018198013
,,,,,,,,,
245.96638544,0.156622111241,0.0,0.0,0.156622111241,0.379731266941,0.161238011592,0.0150933059655,8.4052824665e-05,3.42719691992
896.827303745,0.225350850883,0.0,0.0,0.225350850883,0.287070852905,0.180924280248,0.0144660361459,0.000117823687545,2.23692965508
873.376609164,0.223197811227,0.0,0.0,0.223197811227,0.101125193544,0.305200961194,0.00900455557712,0.000240685080262,1.78394263983
2546.74154194,0.251780248905,0.0,0.0,0.251780248905,0.01239730033,0.15377539626,0.0047122728114,0.000292574891751,5.72994041443
13972.3143765,0.303786230883,0.0,0.0,0.303786230883,0.233341396258,0.2397381262,0.0128372418778,0.000156063760718,0.149219620655
252041.519112,0.400089702253,0.0,0.0,0.400089702253,0.00528975159507,0.0210370158513,0.0080272382473,0.000255992214557,0.00815193524403
8861.70116987,0.288566682917,0.0,0.0,0.288566682917,0.0273577112422,0.296240747695,0.00495804773497,0.000280523557763,0.284467844696
896.056029026,0.237539719159,0.0,0.0,0.237539719159,0.0896893682265,0.072151202963,0.0132123063133,0.00012725303604,8.44921112061
,,,,,,,,,
61.6290639225,0.0956031303885,0.0,0.0,0.0956031303885,0.213038242023,0.0524446993547,0.0162667965014,5.45189894171e-05,14.0091705322
226.462644384,0.147945715227,0.0,0.0,0.147945715227,0.323333736225,0.215164946069,0.0136342167296,0.000110668588862,27.7358627319
9681.21002948,0.30178728998,0.0,0.0,0.30178728998,0.237221411181,0.136051978173,0.0143080764767,0.000104100979646,0.191558035561
180.208279183,0.162001489206,0.0,0.0,0.162001489206,0.158882456002,0.107251529276,0.0138828131426,0.000116611948287,22.0550346375
671.090849887,0.217724438561,0.0,0.0,0.217724438561,0.123696860121,0.175380036658,0.0115964286137,0.000179222279073,10.353012085
,,,,,,,,,
76192.2890309,0.360361977349,0.0,0.0,0.360361977349,0.0226952460575,0.110252899158,0.00734342040088,0.000264594221931,0.0425518854305
,,,,,,,,,
180.583167095,0.161580479664,0.0,0.0,0.161580479664,0.271523768919,0.0409699891246,0.0165976528398,3.35663653746e-05,15.5989074707
190.296774547,0.136835230591,0.0,0.0,0.136835230591,0.412888299072,0.112031648296,0.0158835180248,5.7650876536e-05,18.392791748
21625.6806616,0.328129928559,0.0,0.0,0.328129928559,0.028642325659,0.0999653600727,0.00848057088931,0.000248917049466,0.0473697503697
2375.28171861,0.267571499969,0.0,0.0,0.267571499969,0.271434879432,0.0465229740183,0.0169862052894,4.03596425849e-05,3.69738173485
1004.89409893,0.219330572349,0.0,0.0,0.219330572349,0.283787171601,0.228559498237,0.0133356273046,0.000129855483049,6.78465795517
907.49320906,0.224809892751,0.0,0.0,0.224809892751,0.0795885884921,0.301629538003,0.00791902730537,0.000236417310217,4.96512460709
10590.8231161,0.315912529927,0.0,0.0,0.315912529927,0.243649287492,0.0308152187556,0.0172876696886,3.01766729233e-05,0.206776679139
,,,,,,,,,
,,,,,,,,,
,,,,,,,,,
,,,,,,,,,
,,,,,,,,,
133.66492324,0.149102738225,0.0,0.0,0.149102738225,0.126329288101,0.136968571132,0.0124176108606,0.000154494027132,23.2384490967
573.561156847,0.219529493532,0.0,0.0,0.219529493532,0.177058748866,0.155370322391,0.0134452404586,0.000144799282034,16.2301629782
100.428670327,0.125597059179,0.0,0.0,0.125597059179,0.439468389886,0.0272145396903,0.0176497978881,1.46117726471e-05,22.4236965179
6474.4519404,0.286288724688,0.0,0.0,0.286288724688,0.242100532486,0.169739021873,0.0138755108324,0.000121329996735,0.771874746323
375.999595672,0.179149042204,0.0,0.0,0.179149042204,0.359530668782,0.230582644905,0.0140968874724,0.000113874980071,10.175101757
275.814605698,0.156436952249,0.0,0.0,0.156436952249,0.125386748242,0.322876911865,0.00955544766848,0.000229124953832,30.0352334976
2585.57589655,0.264220759827,0.0,0.0,0.264220759827,0.032276593587,0.203850756239,0.00631033242348,0.000257306909792,2.01912367966
251.243248921,0.189410792702,0.0,0.0,0.189410792702,0.344083851426,0.070165270024,0.016708792214,4.70367828273e-05,3.82138240337
657.972145692,0.2076678376,0.0,0.0,0.2076678376,0.159622027223,0.291780704036,0.0103484821423,0.000186593241317,13.7796008587
,,,,,,,,,
190.615083148,0.176373251528,0.0,0.0,0.176373251528,0.113273708332,0.0714875335001,0.01433993194,0.000115903145218,19.4465637207
6156.55547518,0.287928937684,0.0,0.0,0.287928937684,0.112483552218,0.189160964476,0.0107687885877,0.00018506071928,0.268657480326
12407.5609519,0.296199192582,0.0,0.0,0.296199192582,0.096757402373,0.310306130501,0.00853612274379,0.000230336908935,0.916548770666
6866.65413768,0.293275194239,0.0,0.0,0.293275194239,0.196685967817,0.164807550855,0.0131554272028,0.000131784727539,0.382530076348
,,,,,,,,,
1298.30828183,0.247735861167,0.0,0.0,0.247735861167,0.208242253964,0.213560398044,0.0127796133803,0.000154331132102,3.94206786156
9676.69744623,0.296016001129,0.0,0.0,0.296016001129,0.279224549677,0.251105798469,0.0128606810372,0.000135751042156,0.187210080916
1166.61110492,0.237161013187,0.0,0.0,0.237161013187,0.126616344774,0.2987560161,0.00973275748471,0.000216568640526,9.47332572937
,,,,,,,,,
110.770967736,0.145429000197,0.0,0.0,0.145429000197,0.188486234674,0.0482123772028,0.016469324083,5.82664001817e-05,19.7547912598
2188.45376635,0.26499328518,0.0,0.0,0.26499328518,0.101956712722,0.257006520942,0.00937968671628,0.000215592953278,5.43806028366
,,,,,,,,,
5733.91338792,0.283183091402,0.0,0.0,0.283183091402,0.327933959399,0.192986147265,0.0145670507096,0.00011102284577,1.54070705175
,,,,,,,,,
,,,,,,,,,
427.108929216,0.224655752748,0.0,0.0,0.224655752748,0.361056880867,0.0212399613208,0.0177001193992,1.39079908861e-05,6.16746564465
,,,,,,,,,
,,,,,,,,,
275.537491965,0.209288471699,0.0,0.0,0.209288471699,0.135930143119,0.030418396517,0.0164240082795,5.01833940177e-05,5.74345016479
723.759784611,0.219510041334,0.0,0.0,0.219510041334,0.270963530206,0.156426934242,0.0144338245373,0.000106730571937,14.871635437
,,,,,,,,,
,,,,,,,,,
1110.37624458,0.223737832403,0.0,0.0,0.223737832403,0.358016165731,0.247042976925,0.0134991821866,0.000112749691041,1.93268346786
6075.38332037,0.303687506829,0.0,0.0,0.303687506829,0.175714220209,0.0857731952554,0.0148095995724,9.39278689059e-05,0.877932919264
,,,,,,,,,
446.155678807,0.207342530593,0.0,0.0,0.207342530593,0.285807933316,0.128276430983,0.0146179697356,8.3564511216e-05,11.9762420654
321.847215029,0.201224251856,0.0,0.0,0.201224251856,0.263343988527,0.110684297356,0.0155547108281,8.84164419078e-05,13.289604187
451.242148956,0.185925113057,0.0,0.0,0.185925113057,0.364557908432,0.152893064455,0.0155487081491,8.81410749109e-05,13.0010223389
,,,,,,,,,
106.546932294,0.100510569985,0.0,0.0,0.100510569985,0.280773357261,0.181148475884,0.0138536350547,0.000110599383433,22.2899627686
,,,,,,,,,
211.071647534,0.17938279827,0.0,0.0,0.17938279827,0.374636863696,0.0586514090362,0.0164988527787,3.44994796538e-05,14.1751861572
12429.8657281,0.300834196232,0.0,0.0,0.300834196232,0.0329256783594,0.206571020017,0.00642295786736,0.000264883428008,0.265738602362
1624.83562912,0.246420307876,0.0,0.0,0.246420307876,0.149512593491,0.252525963515,0.0111423413382,0.000199353709334,5.14408159256
1176.90624955,0.252963031694,0.0,0.0,0.252963031694,0.192524095702,0.0319498402134,0.0168832235177,3.85015064676e-05,0.324000575162
,,,,,,,,,
,,,,,,,,,
4251.20466365,0.278667323585,0.0,0.0,0.278667323585,0.185277537665,0.268729898843,0.0114881322231,0.000180165479293,2.2468752861
,,,,,,,,,
433.390151133,0.193801706303,0.0,0.0,0.193801706303,0.232820103793,0.221848173447,0.012514468289,0.000136623506011,2.39252138138
,,,,,,,,,
,,,,,,,,,
,,,,,,,,,
942.899015617,0.228362707281,0.0,0.0,0.228362707281,0.335375007162,0.150623532827,0.0148340975083,8.61721513179e-05,3.22040987015
,,,,,,,,,
2761.77106124,0.263707753009,0.0,0.0,0.263707753009,0.327264354485,0.226264535922,0.0141868620059,0.000125069581313,1.22220277786
198.845228986,0.171004241421,0.0,0.0,0.171004241421,0.144282982172,0.09218772766,0.0141287461235,0.000113940453731,22.7471160889
,,,,,,,,,
7100.17577992,0.307186657195,0.0,0.0,0.307186657195,0.211204440611,0.0875417743004,0.0152425533109,8.35653236088e-05,0.375342143927
88.6809792257,0.122247956519,0.0,0.0,0.122247956519,0.0106099114568,0.0207415913749,0.0104639600489,0.000205165373212,13.4386444092
306.046417087,0.179599468059,0.0,0.0,0.179599468059,0.130327687417,0.199463621114,0.0109625816206,0.000173448378761,26.5902328491
,,,,,,,,,
2203.32525119,0.255039470796,0.0,0.0,0.255039470796,0.0971797755741,0.212735431491,0.00974524691135,0.000200322653204,0.842159063816
2343.33433563,0.266669717911,0.0,0.0,0.266669717911,0.0908779475489,0.0951911033858,0.012498627973,0.000150863709136,2.52245563269
925.164960574,0.254933084881,0.0,0.0,0.254933084881,0.0644522314343,0.0345118962926,0.0148033888029,0.000103662363774,5.22841453552
29470.1454126,0.326066093537,0.0,0.0,0.326066093537,0.174873428892,0.265197321396,0.0109353888268,0.000170877332127,0.206576098148
479.372076431,0.202094934625,0.0,0.0,0.202094934625,0.117614077049,0.1963851735,0.010846915578,0.000186384052257,1.68664979935
,,,,,,,,,
182.877844391,0.150357470776,0.0,0.0,0.150357470776,0.415014549668,0.095125083997,0.0162815629675,5.05843449387e-05,27.6722717285
104.848535368,0.107648643046,0.0,0.0,0.107648643046,0.2721126008,0.204185199586,0.0134916237943,0.000123240439034,25.2178764343
1231.4124134,0.241148675531,0.0,0.0,0.241148675531,0.187067473915,0.218619461149,0.0123749861257,0.000166293007928,2.06498503685
190.333827919,0.17783936352,0.0,0.0,0.17783936352,0.26866624467,0.0658657399722,0.0163082111786,5.45598968954e-05,14.6798610687
,,,,,,,,,
,,,,,,,,,
6315.07773348,0.279066970278,0.0,0.0,0.279066970278,0.0400312066394,0.325274591123,0.00575453288436,0.000279385387671,0.54530189209
,,,,,,,,,
765.083281012,0.206651231361,0.0,0.0,0.206651231361,0.333572966791,0.24151516183,0.0135089200101,0.000118906383149,8.63108205795
906.383440891,0.220601833575,0.0,0.0,0.220601833575,0.019521627095,0.201067269359,0.00524239819275,0.000297936532973,0.6978748312
9735.10056757,0.294303155551,0.0,0.0,0.294303155551,0.191023684366,0.258715259106,0.0116516763958,0.000172280117506,0.18433097589
591.077534027,0.199620517395,0.0,0.0,0.199620517395,0.108801536814,0.326462013597,0.00881932139847,0.000229230220525,1.89778846502
277.525784103,0.175830001216,0.0,0.0,0.175830001216,0.0721564806145,0.174404838946,0.00962301977048,0.000217153125858,5.64477920532
145.72678748,0.144159814633,0.0,0.0,0.144159814633,0.413845150381,0.0703757647886,0.0163660278604,3.7088947822e-05,8.74422836304
623.108253367,0.225728811449,0.0,0.0,0.225728811449,0.176162165543,0.0434317776311,0.016111788404,5.35481669549e-05,1.74734067917
329.316921321,0.201714880724,0.0,0.0,0.201714880724,0.0914780477781,0.12919259161,0.011594728661,0.000178415890347,18.8114929199
515.332036023,0.204406511736,0.0,0.0,0.204406511736,0.0702146647364,0.221909372689,0.00880967655748,0.000241847196652,8.51917171478
842.55315412,0.240464142993,0.0,0.0,0.240464142993,0.119312361522,0.204020718864,0.0110970298702,0.000200340189783,9.72595977783
13262.3638326,0.315500389054,0.0,0.0,0.315500389054,0.0966164211469,0.224240107856,0.00982994166626,0.000217128748643,0.899087641239
334.535210969,0.190742103687,0.0,0.0,0.190742103687,0.326643688726,0.169786385883,0.0150155052772,0.000103367975015,30.3771686554
139.870043595,0.11097823179,0.0,0.0,0.11097823179,0.25475672958,0.298440073823,0.0122063399811,0.000162109094852,26.1302185059
1313.2611823,0.257634868393,0.0,0.0,0.257634868393,0.17665890172,0.124925234504,0.0137581604225,0.000120346623132,1.11230516434
769.288862189,0.226734075121,0.0,0.0,0.226734075121,0.168516575344,0.274568872128,0.0107945685806,0.000179752172398,7.99883925915
,,,,,,,,,
192.845740571,0.143743805482,0.0,0.0,0.143743805482,0.100688683913,0.269165562116,0.00902672902482,0.00021232216007,17.2535705566
646.304307175,0.217818284105,0.0,0.0,0.217818284105,0.248422216773,0.215352259828,0.0130876719525,0.000135251166228,1.97136950493
,,,,,,,,,
,,,,,,,,,
,,,,,,,,,
1124.38930566,0.225449341245,0.0,0.0,0.225449341245,0.348575295373,0.227358497089,0.0136481840355,0.000108536300984,2.55853912234
,,,,,,,,,
932.447168721,0.235436900008,0.0,0.0,0.235436900008,0.157732971231,0.20891141007,0.011802907079,0.000172689232079,14.8861312866
1759.99381454,0.267600538734,0.0,0.0,0.267600538734,0.385256128581,0.0178734056593,0.017716257938,1.07949826725e-05,5.62053954601
,,,,,,,,,
3493.94712738,0.272439996915,0.0,0.0,0.272439996915,0.279946345402,0.138999245261,0.0144705604009,9.1237846426e-05,1.39705705643
779.922526291,0.224124901439,0.0,0.0,0.224124901439,0.191971028948,0.223777913258,0.0122640133349,0.000162810455506,1.23869085312
754.121742703,0.237759222454,0.0,0.0,0.237759222454,0.231307273613,0.183582888163,0.0136308618168,0.000133679712078,4.044444561
793.628812461,0.241296861318,0.0,0.0,0.241296861318,0.104923161452,0.124525114722,0.0121701582588,0.000163398909989,7.43146514893
,,,,,,,,,
7744.57552871,0.292272335822,0.0,0.0,0.292272335822,0.011128383753,0.132731907335,0.00485619002447,0.000298305169377,0.805297995329
,,,,,,,,,
,,,,,,,,,
23375.6723296,0.32617607346,0.0,0.0,0.32617607346,0.210667822078,0.23149147915,0.0122853333518,0.000153340658859,0.241406927284
2703.64084716,0.26812541275,0.0,0.0,0.26812541275,0.195864819882,0.112453671944,0.0142384597961,0.000103186905731,0.551097190074
709.467383114,0.219536866386,0.0,0.0,0.219536866386,0.239342133248,0.136126295789,0.014767788015,0.000110062304126,1.61695742607
253.21544932,0.193108274515,0.0,0.0,0.193108274515,0.173033596957,0.114185596252,0.013876891037,0.00011370491372,23.4191799164
,,,,,,,,,
439.630401955,0.198707288454,0.0,0.0,0.198707288454,0.350028545374,0.121918796052,0.0160063029071,7.660113825e-05,21.7027282715
965.200265651,0.237138412361,0.0,0.0,0.237138412361,0.293107106081,0.155329383388,0.014859928475,0.000103315432852,5.02098321915
1280.21053741,0.245804466163,0.0,0.0,0.245804466163,0.314987156776,0.11550739911,0.0153125030904,7.39449446469e-05,8.06463813782
2704.67900048,0.273302317381,0.0,0.0,0.273302317381,0.0138206911447,0.0217027866758,0.0111918903345,0.000186015758142,1.70938849449
,,,,,,,,,
736.423848547,0.232689940866,0.0,0.0,0.232689940866,0.326239967506,0.148404839468,0.015149332682,9.12022897784e-05,8.45565700531
6196.21503954,0.288395741309,0.0,0.0,0.288395741309,0.0245718007264,0.165841251542,0.00631167689632,0.00027646056085,0.201560074942
1510.8038767,0.246580018447,0.0,0.0,0.246580018447,0.34518747499,0.206436060997,0.0146474959366,0.000114239943102,9.36333799362
4784.6665778,0.280551426006,0.0,0.0,0.280551426006,0.180495140328,0.288644698828,0.0109023829134,0.000179796473161,1.59430456161
1698.73165139,0.259385183591,0.0,0.0,0.259385183591,0.187452845687,0.239008457086,0.0118601419771,0.000167418827789,7.17983531952
388.525701345,0.199254601596,0.0,0.0,0.199254601596,0.235713827812,0.226518506383,0.0130628817935,0.000150512576149,31.3970375061
171.357072107,0.13848427994,0.0,0.0,0.13848427994,0.323941025072,0.192465681669,0.0145105425651,0.000111280564103,5.66645038128
,,,,,,,,,
,,,,,,,,,
1254.58466569,0.226966639409,0.0,0.0,0.226966639409,0.0544810386041,0.338825696797,0.00661412344309,0.000278619292038,2.68510505557
,,,,,,,,,
,,,,,,,,,
78852.3752349,0.353535807315,0.0,0.0,0.353535807315,0.00342990807208,0.0295337182105,0.0054962689221,0.000270706152696,0.0298798764449
,,,,,,,,,
377.970315365,0.197509172704,0.0,0.0,0.197509172704,0.336008018767,0.190249839008,0.0142933400944,0.000102457865827,6.84449911118
,,,,,,,,,
1190.13618304,0.259929096374,0.0,0.0,0.259929096374,0.131856686004,0.109995099038,0.0134869263092,0.000138002855421,0.460470576125
1408.42313598,0.261697944802,0.0,0.0,0.261697944802,0.0110207579153,0.013168984598,0.0123994132751,0.000171001145216,0.23798635413
8931.93143971,0.308502952975,0.0,0.0,0.308502952975,0.0632536398501,0.0528426427192,0.0130287495492,0.000128786331819,0.0765264389953
4233.55849224,0.265838770357,0.0,0.0,0.265838770357,0.318754454575,0.244699869181,0.013234959645,0.000121434043667,0.157341809772
4529.13901293,0.296038285395,0.0,0.0,0.296038285395,0.15395502018,0.108366746804,0.0140590458114,0.00012516490696,1.4740986824
,,,,,,,,,
3802.80138866,0.287042438482,0.0,0.0,0.287042438482,0.0238549883021,0.0777307612357,0.00835697369067,0.000224363870822,0.431147970564
,,,,,,,,,
,,,,,,,,,
,,,,,,,,,
573.644606048,0.202253861611,0.0,0.0,0.202253861611,0.100363571536,0.299055918107,0.00884765970197,0.000229019750668,7.5182056427
262.121381321,0.145494161039,0.0,0.0,0.145494161039,0.0513940097507,0.336455267583,0.00636742181891,0.000272400925796,9.96002006531
8344.71403664,0.311263715784,0.0,0.0,0.311263715784,0.0810601729224,0.0807545709451,0.0126608085083,0.000146765109121,0.186419927013
324.46603934,0.181781113439,0.0,0.0,0.181781113439,0.358951896117,0.170511687086,0.0150310131874,9.40285401912e-05,30.5605316162
1064.97522381,0.238255634652,0.0,0.0,0.238255634652,0.0931827393457,0.126521636878,0.0119329805916,0.000181383208255,3.98409700394
2162.66810863,0.262315313729,0.0,0.0,0.262315313729,0.17409748111,0.206897782927,0.0120099935138,0.000159259550753,4.01588332653
720.989828704,0.233383975959,0.0,0.0,0.233383975959,0.277270378724,0.0144749645579,0.0179157085761,1.25390042563e-05,4.15727758408
375.650502871,0.184428388259,0.0,0.0,0.184428388259,0.0569968135632,0.275071380814,0.00739661345894,0.000266633770938,29.3151473999
25983.7697701,0.333192291883,0.0,0.0,0.333192291883,0.0125153555523,0.0271304832398,0.00981957931243,0.000201330612923,0.03562203071
,,,,,,,,,
,,,,,,,,,
1497.07125497,0.268578319901,0.0,0.0,0.268578319901,0.0492509904284,0.0423061477445,0.0133841184402,0.000140205008556,4.22555160522
,,,,,,,,,
642.193477484,0.217751425903,0.0,0.0,0.217751425903,0.0445027181994,0.224378147933,0.00698211196168,0.000248384281384,3.34872889519
,,,,,,,,,
226.316988957,0.15172038355,0.0,0.0,0.15172038355,0.377222628031,0.182922428939,0.0144888832971,8.91785675478e-05,20.4848861694
261.219667997,0.20543138375,0.0,0.0,0.20543138375,0.165403767004,0.0389600629365,0.0160275889993,5.04411238106e-05,14.7531890869
1885.21100504,0.246111984355,0.0,0.0,0.246111984355,0.0819486609487,0.279394194148,0.00853533082189,0.000245947572587,8.88069915771
598.10488094,0.20236056645,0.0,0.0,0.20236056645,0.143947013967,0.283829349305,0.0102646669364,0.000199081512715,10.8489608765
,,,,,,,,,
3020.02813932,0.277494972802,0.0,0.0,0.277494972802,0.232858569689,0.19689321772,0.0135694038316,0.000141778232669,0.955876246095
1150.71232812,0.245899237525,0.0,0.0,0.245899237525,0.212283912888,0.248443425917,0.0124157747999,0.000167672797928,12.0110988617
2487.48423788,0.277080103571,0.0,0.0,0.277080103571,0.146035729331,0.141876752234,0.0130145114487,0.000151135577149,3.71279799938
,,,,,,,,,
278.421570868,0.173921296796,0.0,0.0,0.173921296796,0.299999525345,0.246520381084,0.0134484945491,0.000134997191558,10.8400917053
939.032582886,0.226189877547,0.0,0.0,0.226189877547,0.217573605451,0.159769200343,0.0139055304175,0.000128084144971,7.00822544098
3559.78379449,0.287320962964,0.0,0.0,0.287320962964,0.328499383596,0.0456074962344,0.0166939622619,3.10581289332e-05,0.839450907111
5105.67210649,0.275664353783,0.0,0.0,0.275664353783,0.0646852699989,0.264267510242,0.00771687258413,0.000243094753132,0.310335019684
7224.09168933,0.295391356345,0.0,0.0,0.295391356345,0.0962681366796,0.244591223552,0.00926105573183,0.000211845041538,1.40693080425
552.061374601,0.206009000606,0.0,0.0,0.206009000606,0.344208921413,0.180492550159,0.0148411507508,0.000101884483587,22.6836395264
12350.493911,0.312482357538,0.0,0.0,0.312482357538,0.315061961085,0.1817445218,0.0144969799464,0.000107598339698,0.776690551221
968.812065965,0.244416977015,0.0,0.0,0.244416977015,0.20256555382,0.0573602040262,0.0159729262985,6.10544734673e-05,4.2551074028
121.889770118,0.0994518012716,0.0,0.0,0.0994518012716,0.367696267151,0.221644536993,0.0144098394737,0.000111425884967,26.0289764404
3631.88073664,0.273280651504,0.0,0.0,0.273280651504,0.045883764732,0.227866955296,0.00712245812939,0.000254526626645,3.02990007401
5236.72314191,0.281508600085,0.0,0.0,0.281508600085,0.0263132680042,0.196869412539,0.00608984716223,0.000287053554536,2.0203101635
2666.21044111,0.26608377617,0.0,0.0,0.26608377617,0.257396982441,0.171449745209,0.0136397488763,0.000110873684969,1.10926890373
435.170076443,0.192761135608,0.0,0.0,0.192761135608,0.263875580015,0.230270533461,0.0134651311059,0.000144373303468,20.8470153809
555.892370066,0.207375842074,0.0,0.0,0.207375842074,0.294163402342,0.219662064174,0.0139285926396,0.000130855606499,6.42957156897
399.668801173,0.196494469521,0.0,0.0,0.196494469521,0.0961604731037,0.150463377696,0.0110924454573,0.000181951602473,2.10442209244
221.450842021,0.186449724304,0.0,0.0,0.186449724304,0.0902917834621,0.0717234108501,0.0136050210908,0.000133283962986,18.3172225952
844.323325016,0.222623583096,0.0,0.0,0.222623583096,0.366797022392,0.235892344086,0.0137555681205,0.000108629805234,1.5166041851
259.744998547,0.184876594345,0.0,0.0,0.184876594345,0.0677935162497,0.155163627101,0.00961243835618,0.000204329989229,25.0666809082
,,,,,,,,,
736.260415637,0.230542220233,0.0,0.0,0.230542220233,0.348189409408,0.13583377066,0.0156189702652,8.22994274195e-05,11.3404083252
1099.76641384,0.223900672982,0.0,0.0,0.223900672982,0.132481879265,0.297784581092,0.00982091067231,0.000209382828169,1.30083441734
1081.24395101,0.229753124492,0.0,0.0,0.229753124492,0.303849923473,0.247812307412,0.0136497748622,0.000138039676583,10.765581131
,,,,,,,,,
492.712763594,0.208821929873,0.0,0.0,0.208821929873,0.0361593191864,0.12111424393,0.00861839370421,0.000246130306268,21.3960266113
81.2879525168,0.0904298639771,0.0,0.0,0.0904298639771,0.329379247258,0.137742616793,0.0151715516643,8.35658750582e-05,10.3162384033
3836.35827065,0.27689148725,0.0,0.0,0.27689148725,0.293236302428,0.165439674345,0.0142494832145,0.000101425492903,1.49111032486
159.822373948,0.126265074279,0.0,0.0,0.126265074279,0.203553316571,0.256242358319,0.0121834205175,0.000174470467285,13.588848114
,,,,,,,,,
3187.12746265,0.264141319986,0.0,0.0,0.264141319986,0.141210638879,0.30047206652,0.0100705969879,0.000207798544212,5.39050364494
4109.23082571,0.283448007373,0.0,0.0,0.283448007373,0.0538584849037,0.148435148859,0.00935320858635,0.000235930462035,2.00752326846
2358.58839656,0.262554494731,0.0,0.0,0.262554494731,0.312095208441,0.159180440163,0.014684329238,9.67692812529e-05,6.09737793413
,,,,,,,,,
4687.82086079,0.282948802161,0.0,0.0,0.282948802161,0.0556971619961,0.150860077719,0.0092993521894,0.000228848991052,0.692983266449
1043.53395244,0.23558563029,0.0,0.0,0.23558563029,0.121141230378,0.290960953541,0.00946272034966,0.000208402280724,8.79665374756
175.360867513,0.140526609775,0.0,0.0,0.140526609775,0.186281017338,0.252050943795,0.0118635491933,0.00017856326578,24.6842956543
620.740791359,0.222868352022,0.0,0.0,0.222868352022,0.150867917979,0.0991914151251,0.0140863741235,0.000116777990676,14.8682403564
3793.96776603,0.287995976154,0.0,0.0,0.287995976154,0.0442568850294,0.0542874095835,0.0122222164344,0.000170783931788,0.272794682449
662.408094606,0.204053884068,0.0,0.0,0.204053884068,0.27189446935,0.262267255485,0.0127765121783,0.000144422513666,3.00431609154
,,,,,,,,,
,,,,,,,,,
1020.63987543,0.241955301493,0.0,0.0,0.241955301493,0.190792740013,0.247862820346,0.0118729422537,0.000171198501199,9.71373748779
2065.5421247,0.278869638365,0.0,0.0,0.278869638365,0.0869520558924,0.0261113803664,0.0156858951943,6.26659041296e-05,0.0567757680419
1276.6929143,0.254124961524,0.0,0.0,0.254124961524,0.110955931638,0.137109044765,0.011689597174,0.000157150573454,5.40832424164
144.95155748,0.154468043106,0.0,0.0,0.154468043106,0.216240823048,0.114081200981,0.0142971157755,9.50123371723e-05,8.68160629272
566.995793074,0.217857514268,0.0,0.0,0.217857514268,0.323289641505,0.106641986218,0.0154755863314,6.74355056822e-05,4.19697642326
136.691074753,0.143186983083,0.0,0.0,0.143186983083,0.254080946014,0.139420335919,0.0144389421978,0.000101135595501,24.7078704834
,,,,,,,,,
,,,,,,,,,
11517.2037205,0.312153314099,0.0,0.0,0.312153314099,0.197651657729,0.110947642937,0.014648863189,0.000106739502136,0.213856339822
237.165627754,0.141251500053,0.0,0.0,0.141251500053,0.31037848402,0.251196055635,0.013353705569,0.000130899080529,13.3464813232
,,,,,,,,,
,,,,,,,,,
4061.91297148,0.26474099599,0.0,0.0,0.26474099599,0.108635304863,0.290337700632,0.00934290917026,0.000227747954222,0.635679937434
885.123507722,0.218641346416,0.0,0.0,0.218641346416,0.279900057499,0.168288328166,0.013856806389,0.000102572720663,3.29038977623
84.9119875469,0.0888994447608,0.0,0.0,0.0888994447608,0.389342433607,0.116298140004,0.0158301701754,6.34862976447e-05,21.7220306396
130.639361099,0.124361109976,0.0,0.0,0.124361109976,0.0741924457355,0.222568079343,0.00900370150706,0.000239080915082,16.2431335449
119.423357543,0.133055502388,0.0,0.0,0.133055502388,0.177394999719,0.140611881619,0.0132968110681,0.000126889743186,20.0337219238
126.959475049,0.0956910591046,0.0,0.0,0.0956910591046,0.337680634549,0.266448573631,0.0134064545143,0.000128409713686,9.8945183754
2930.63469308,0.263669357401,0.0,0.0,0.263669357401,0.0144006728887,0.117366243169,0.00561608070728,0.000266675615446,3.21597242355
,,,,,,,,,
,,,,,,,,,
1077.7047635,0.244150173013,0.0,0.0,0.244150173013,0.12125319839,0.0631103655057,0.0148907800773,0.000101765591645,3.24651956558
,,,,,,,,,
11897.48816,0.299079849404,0.0,0.0,0.299079849404,0.111859538367,0.281341738722,0.00948853994982,0.000220212296072,0.40840605173
209.192268585,0.14049335242,0.0,0.0,0.14049335242,0.0898783843655,0.285997649705,0.0084399461133,0.000223175879988,6.0693063736
26822.8818456,0.328665700712,0.0,0.0,0.328665700712,0.0361749813696,0.163929028066,0.00733411111934,0.000244895873756,0.206145639394
92.5581972134,0.103137520081,0.0,0.0,0.103137520081,0.269945719613,0.115539301617,0.0149798577948,8.3478356541e-05,20.3160858154
806.234590558,0.218687924368,0.0,0.0,0.218687924368,0.118549507255,0.19874668913,0.0106578230478,0.000180581379404,6.51551437378
2950.3419765,0.277855620415,0.0,0.0,0.277855620415,0.177478357981,0.11330872601,0.0141238053299,0.000113763200037,3.1498093009
356.242116477,0.169950434132,0.0,0.0,0.169950434132,0.194289924829,0.305598776332,0.0110156699144,0.000180395216657,28.7929534912
1149.60899301,0.237309899228,0.0,0.0,0.237309899228,0.099809080507,0.22946041468,0.00997303943566,0.000221369580502,5.01326167583
251.201485108,0.166460242722,0.0,0.0,0.166460242722,0.0602468150727,0.231251911095,0.00796139151337,0.000242303699486,26.7199516296
78.9858350406,0.102430932927,0.0,0.0,0.102430932927,0.285895295712,0.101993816589,0.0157888545325,7.64306450788e-05,23.5064506531
113.288382645,0.143139060545,0.0,0.0,0.143139060545,0.107951994811,0.0829404197198,0.0137514712907,0.000131438808746,20.8506774902
2506.38977085,0.272845112121,0.0,0.0,0.272845112121,0.204412108608,0.219675982869,0.0125051325117,0.000155245853681,0.400775610532
,,,,,,,,,
3518.66181861,0.281544422594,0.0,0.0,0.281544422594,0.164466834226,0.159788279266,0.0126586397629,0.000142810778114,0.779812668264
,,,,,,,,,
168.689838356,0.152965585419,0.0,0.0,0.152965585419,0.3126483547,0.0201496364559,0.0177337092211,1.54011278213e-05,13.3793258667
336.796404771,0.180186919124,0.0,0.0,0.180186919124,0.205196886184,0.306100946738,0.0112583112015,0.000178172777046,20.9283065796
,,,,,,,,,
5521.2193877,0.285431143616,0.0,0.0,0.285431143616,0.308573525372,0.13102573601,0.0150210041275,8.32329748363e-05,0.993989133835
19173.063774,0.324450167243,0.0,0.0,0.324450167243,0.313404110178,0.12659491505,0.015386222604,8.28546278647e-05,0.248509896419
14990.8638234,0.310639253988,0.0,0.0,0.310639253988,0.031148173581,0.252591117056,0.00584363803944,0.000287685730923,0.558455702591
,,,,,,,,,
7309.43737674,0.295618413586,0.0,0.0,0.295618413586,0.197965283115,0.192033814485,0.0127450452564,0.000144568384939,0.250225958558
362.831865476,0.216234132651,0.0,0.0,0.216234132651,0.138997901305,0.0700355007698,0.0144510555655,9.24330613797e-05,18.1118679047
785.603309976,0.222370495612,0.0,0.0,0.222370495612,0.236839809607,0.21500559924,0.0133151680011,0.000147225555919,11.3229367137
,,,,,,,,,
,,,,,,,,,
,,,,,,,,,
2563.76274225,0.25879031922,0.0,0.0,0.25879031922,0.262715320474,0.19934542008,0.013842241194,0.00013144543135,0.539241424872
8704.16713683,0.284928257908,0.0,0.0,0.284928257908,0.0250236666079,0.275131353524,0.00484898141259,0.000272481351607,0.34393423056
,,,,,,,,,
6657.34130166,0.29103280488,0.0,0.0,0.29103280488,0.353368557384,0.191421630245,0.0145799136612,0.000101747135375,0.151544114098
,,,,,,,,,
183.188387989,0.168590181911,0.0,0.0,0.168590181911,0.220925751905,0.138191929459,0.0137930364133,0.000106025264368,14.5309066772
378.731942924,0.186968095684,0.0,0.0,0.186968095684,0.226262444725,0.172034103126,0.0136536198876,0.000128088023526,18.6289978027
439.890986697,0.216662556151,0.0,0.0,0.216662556151,0.242547714802,0.0631264432101,0.0159539032498,5.56265166506e-05,1.62008810043
43.1752057029,0.0520169914528,0.0,0.0,0.0520169914528,0.268576645204,0.0418933860876,0.0172056782543,3.74416622982e-05,20.2242851257
144.814242184,0.133679034728,0.0,0.0,0.133679034728,0.240491551659,0.165756750569,0.0139669350401,0.000120734063037,17.2080993652
391.589099628,0.19790525427,0.0,0.0,0.19790525427,0.348560225847,0.141470606209,0.0151561789565,8.07553899314e-05,5.87345576286
142.835572454,0.135341705775,0.0,0.0,0.135341705775,0.123540752893,0.224846948344,0.010722675822,0.000199715531483,6.89080476761
220.578796924,0.168837593224,0.0,0.0,0.168837593224,0.23822643973,0.0918118431562,0.0155558117153,8.05599019985e-05,7.62976837158
366.706096563,0.187687900671,0.0,0.0,0.187687900671,0.13805124041,0.268348625801,0.0103707543164,0.000200217453444,2.3111538887
1401.65351416,0.26362620232,0.0,0.0,0.26362620232,0.27675091108,0.0555671356464,0.0167760966455,4.66416721878e-05,3.34281623363
663.059060316,0.19704249536,0.0,0.0,0.19704249536,0.0337022904071,0.346390616527,0.00522235263406,0.000294940239876,1.16318559647
22987.7933846,0.315198492626,0.0,0.0,0.315198492626,0.330491504494,0.228715608945,0.0138900397775,0.000119901187482,0.494613358268
222.268077349,0.174895371613,0.0,0.0,0.174895371613,0.338997245499,0.135832363741,0.0157116059808,8.57302297643e-05,4.71019351482
,,,,,,,,,
23226.3129807,0.318680007341,0.0,0.0,0.318680007341,0.0686438404066,0.199924922155,0.00901512074858,0.000232204244551,0.333050933406
1924.4613013,0.23715182357,0.0,0.0,0.23715182357,0.0679717552851,0.346934538644,0.00693759782913,0.000248409684102,0.891246779859
,,,,,,,,,
,,,,,,,,,
330.571770766,0.192768744082,0.0,0.0,0.192768744082,0.337269003385,0.0943669106202,0.0157710548675,5.87260323277e-05,2.8753619194
3591.24755788,0.275840822309,0.0,0.0,0.275840822309,0.145817232063,0.218231157471,0.011464124727,0.000185545004989,1.80315583944
,,,,,,,,,
,,,,,,,,,
281.883461508,0.194299268068,0.0,0.0,0.194299268068,0.382372221562,0.0519670146626,0.0173007913279,3.26534286509e-05,6.67245149612
3804.37590116,0.281975315441,0.0,0.0,0.281975315441,0.35026598327,0.134872471925,0.015510519516,8.00050452166e-05,0.235439084426
,,,,,,,,,
388.788437093,0.174478336228,0.0,0.0,0.174478336228,0.331009134817,0.226758599544,0.0141712133652,0.000123560072083,17.4801445007
15103.1192201,0.305818965578,0.0,0.0,0.305818965578,0.171007231046,0.257689692755,0.0112147669054,0.000178697153287,0.29825400316
,,,,,,,,,
984.566228321,0.253532504627,0.0,0.0,0.253532504627,0.113325308509,0.0760412417655,0.0140269869452,0.000118336134541,0.452430810088
,,,,,,,,,
,,,,,,,,,
422.295728968,0.200099507328,0.0,0.0,0.200099507328,0.368084671648,0.163707058063,0.0151132789335,8.85858654851e-05,15.3958034515
281.034657516,0.167239381241,0.0,0.0,0.167239381241,0.0184068963735,0.147043203241,0.00563515755576,0.000262812936521,18.6149597168
1651.43759864,0.257494070971,0.0,0.0,0.257494070971,0.320154810246,0.150450158484,0.0148687064554,9.09037261873e-05,4.93500983715
11605.5060953,0.290756953104,0.0,0.0,0.290756953104,0.0305958867039,0.221823324723,0.00614084254728,0.000282283164042,0.19398305887
286.557560792,0.163331133505,0.0,0.0,0.163331133505,0.120732415678,0.323845555573,0.00923368650123,0.000223209046344,3.14125680923
,,,,,,,,,
2842.58930449,0.27793573459,0.0,0.0,0.27793573459,0.117040273548,0.111887436572,0.0127426376679,0.000142261484849,1.50945234299
,,,,,,,,,
,,,,,,,,,
26003.5277335,0.334065157131,0.0,0.0,0.334065157131,0.160480276709,0.214685614606,0.0117775527804,0.000173789150809,0.289076607657
,,,,,,,,,
15120.2880207,0.303764099838,0.0,0.0,0.303764099838,0.0462132043477,0.211229720906,0.00753679666459,0.000261344034629,0.807342633605
44.59656818,0.0832374718828,0.0,0.0,0.0832374718828,0.0682517403013,0.0196359378227,0.0163210404358,6.49042957684e-05,16.4543914795
,,,,,,,,,
894.715826363,0.225180283342,0.0,0.0,0.225180283342,0.282833846053,0.247394331753,0.0133557805097,0.000142344658079,3.03573012352
,,,,,,,,,
37319.2659612,0.335581076303,0.0,0.0,0.335581076303,0.0886202305649,0.274038658514,0.00864057044169,0.000227064859737,0.259235247934
12662.3000069,0.306964180073,0.0,0.0,0.306964180073,0.125315682411,0.201142338375,0.0113125282304,0.000194668816731,0.563520317631
,,,,,,,,,
2007.13166031,0.26271729679,0.0,0.0,0.26271729679,0.350326935467,0.0283961799002,0.0173779521633,1.89058890895e-05,4.96637773514
198.605603153,0.140613889871,0.0,0.0,0.140613889871,0.361391394352,0.218610442483,0.0139918641325,0.000105313900832,28.8946151733
904.596069815,0.233899796502,0.0,0.0,0.233899796502,0.231380389387,0.173110969653,0.0137078174597,0.000126910478502,2.0671479702
102.459588324,0.0917620235265,0.0,0.0,0.0917620235265,0.417404329622,0.12006099755,0.016021551862,6.24779203322e-05,22.520904541
526.964992091,0.222818189172,0.0,0.0,0.222818189172,0.0815267721137,0.0426304781864,0.0146323780162,9.86775866705e-05,9.50819015503
,,,,,,,,,
220.838230966,0.168350979211,0.0,0.0,0.168350979211,0.0514544956742,0.108626062558,0.0102205606503,0.000212366675391,5.17636680603
,,,,,,,,,
,,,,,,,,,
2960.69350302,0.267512983743,0.0,0.0,0.267512983743,0.251966165984,0.138949099679,0.0145968702094,0.000103964696664,1.63697099686
306.142332538,0.179377684566,0.0,0.0,0.179377684566,0.239270920479,0.267236009118,0.0121100092446,0.000151527275688,8.18817746639
17359.6569807,0.315446817241,0.0,0.0,0.315446817241,0.0447245945243,0.161459659653,0.00812068021135,0.000236222901781,0.1673178239
2478.07829838,0.255525415864,0.0,0.0,0.255525415864,0.281181424495,0.194655252109,0.0139242578174,0.000120548912644,1.95233839096
,,,,,,,,,
3282.31974541,0.270801842125,0.0,0.0,0.270801842125,0.351294701131,0.205856518009,0.0141581804727,0.000104266473705,3.67617940903
638.895052893,0.220816809961,0.0,0.0,0.220816809961,0.290736642128,0.230543669439,0.0134137528091,0.000129237422186,12.5090789795
2563.67055432,0.273972045803,0.0,0.0,0.273972045803,0.296815025733,0.147965493005,0.0149700816358,9.82155715346e-05,2.47719335556
626.147429276,0.227218788426,0.0,0.0,0.227218788426,0.201469718604,0.0319657045502,0.0167797235097,3.62280624309e-05,1.31860780716
204.50043051,0.170317350001,0.0,0.0,0.170317350001,0.359162310634,0.0300009787224,0.0171149501432,1.89274319446e-05,21.6578674316
158.467435646,0.174875634973,0.0,0.0,0.174875634973,0.175974870832,0.0498058691131,0.0160180067874,6.13746396835e-05,21.7253875732
12664.3474865,0.319419044776,0.0,0.0,0.319419044776,0.0790682249665,0.122789907749,0.0113475896189,0.000189074159093,0.107592268954
,,,,,,,,,
3435.23481989,0.280005360094,0.0,0.0,0.280005360094,0.265672255891,0.118459230211,0.0153218816375,9.13532036898e-05,3.02152514458
,,,,,,,,,
6079.74754701,0.289682885694,0.0,0.0,0.289682885694,0.280140873868,0.238510562672,0.0128969331373,0.000128732621027,0.513697434318
5729.33774273,0.274070794606,0.0,0.0,0.274070794606,0.0170003963936,0.147264785449,0.00542225306446,0.000265006986979,0.0440867930982
671.598218005,0.221808397231,0.0,0.0,0.221808397231,0.025343696329,0.0920142364275,0.0079616864073,0.000228252169188,1.8842921257
1494.04857234,0.245693016093,0.0,0.0,0.245693016093,0.24292563052,0.241671176366,0.0128950205071,0.000152141298331,0.175172463466
813.609025873,0.238222227865,0.0,0.0,0.238222227865,0.196217108478,0.0355856093813,0.0162959667614,3.93987734164e-05,7.6247215271
,,,,,,,,,
9060.71065528,0.290563755008,0.0,0.0,0.290563755008,0.0208005490776,0.300983429444,0.00434115470994,0.000291954134817,0.781583135426
1486.65110568,0.256176921582,0.0,0.0,0.256176921582,0.268002808834,0.210024511386,0.0137201970025,0.000133641443274,9.54981803894
,,,,,,,,,
585.720712123,0.226928236691,0.0,0.0,0.226928236691,0.186920309141,0.135369454022,0.0133560474245,0.000116202970755,4.52220392227
,,,,,,,,,
600.257791674,0.214405674979,0.0,0.0,0.214405674979,0.0605574405566,0.190134035509,0.00858385447106,0.00022772507285,0.717720576811
14277.3206156,0.308511605897,0.0,0.0,0.308511605897,0.355016126324,0.183217238547,0.0144297118082,9.45591059956e-05,0.461470669584
1844.49892355,0.242074361976,0.0,0.0,0.242074361976,0.0377071315697,0.343880559529,0.00525696624091,0.000262896695839,0.738526475787
,,,,,,,,,
1817.94963252,0.247906134608,0.0,0.0,0.247906134608,0.276537489264,0.256331206969,0.0131224069805,0.000146138344824,4.73498892784
36411.5093264,0.325829350595,0.0,0.0,0.325829350595,0.0140817904468,0.158717145096,0.00478859078681,0.000272767165692,0.278701632786
2407.81565683,0.262202796099,0.0,0.0,0.262202796099,0.00853933769055,0.0739911521249,0.00563415567406,0.000286698888022,4.48098373413
88.3271819204,0.0952181465346,0.0,0.0,0.0952181465346,0.216627253487,0.181884510098,0.0135213237959,0.000139692257654,21.6316223145
177.254701866,0.157481334033,0.0,0.0,0.157481334033,0.0881634465324,0.183637876579,0.00995562079317,0.000198375389591,23.9150619507
917.76172541,0.230319404026,0.0,0.0,0.230319404026,0.07546860689,0.193222676941,0.00918729113855,0.000210135778001,2.30344843864
,,,,,,,,,
242.942440765,0.197304228313,0.0,0.0,0.197304228313,0.296753236033,0.0404098792478,0.0173277767342,3.28267061853e-05,21.000213623
815.82136804,0.199610038481,0.0,0.0,0.199610038481,0.0210402734684,0.307809591488,0.00428559925664,0.000287737599967,13.1479644775
12963.5330585,0.310860187396,0.0,0.0,0.310860187396,0.145857561276,0.146779392232,0.0127348392993,0.000150142981487,0.452695616155
,,,,,,,,,
,,,,,,,,,
,,,,,,,,,
,,,,,,,,,
,,,,,,,,,
2194.16197914,0.253173036266,0.0,0.0,0.253173036266,0.258481327731,0.215192964601,0.0134348987488,0.000136621165342,0.693362628785
333.856575991,0.180572146388,0.0,0.0,0.180572146388,0.228449141774,0.167080423967,0.0138170768151,0.000125876979539,21.2441635132
,,,,,,,,,
277.439482684,0.177771742209,0.0,0.0,0.177771742209,0.391145054053,0.0819230387862,0.01649358496,4.71417916534e-05,2.11628711224
206.660584357,0.181680474131,0.0,0.0,0.181680474131,0.101377089967,0.0974928578538,0.0129237057448,0.000147366359902,11.6599273682
1734.01572144,0.253978316203,0.0,0.0,0.253978316203,0.149694158735,0.286643838046,0.0105499295325,0.000204034456292,1.85261201859
,,,,,,,,,
271.048238937,0.168207248943,0.0,0.0,0.168207248943,0.308917908306,0.191605073756,0.0139511542016,0.000107543451144,25.0511169434
,,,,,,,,,
154.508950779,0.137679269449,0.0,0.0,0.137679269449,0.296418640104,0.219871264331,0.0139307527214,0.000129959760324,27.5065612793
520.155577586,0.216389717614,0.0,0.0,0.216389717614,0.263905230866,0.199791532617,0.0133170186062,0.000121151182735,20.5486679077
,,,,,,,,,
1374.54442122,0.248065197704,0.0,0.0,0.248065197704,0.246467018409,0.221395035755,0.0132635325096,0.000144411857806,7.13013505936
910.145923368,0.251307585694,0.0,0.0,0.251307585694,0.119540239783,0.101585162387,0.0132324705582,0.000135400854279,5.66017723083
399.54833443,0.188259733413,0.0,0.0,0.188259733413,0.172709805646,0.318810387657,0.0103168171499,0.000187389354293,7.5586565733
1089.20505632,0.230215957536,0.0,0.0,0.230215957536,0.350633918913,0.129315241584,0.0155654958425,7.69353009122e-05,11.0688400269
1466.35465448,0.249569343387,0.0,0.0,0.249569343387,0.366868635101,0.193991468263,0.0142827986272,9.505184583e-05,9.75291490555
1688.41639142,0.254554929105,0.0,0.0,0.254554929105,0.105030968296,0.211548874201,0.010109821011,0.000197452970578,7.2384147644
,,,,,,,,,
941.807687115,0.229942283049,0.0,0.0,0.229942283049,0.281822056169,0.19516104703,0.0137607586803,0.000117712642075,11.7837142944
507.8996316,0.216908189746,0.0,0.0,0.216908189746,0.0204457296307,0.0917778113245,0.00765783452507,0.000264800218036,20.7989454269
243.469279762,0.188830066909,0.0,0.0,0.188830066909,0.143708366083,0.0836504381524,0.0141821439724,0.000103877549612,20.4665374756
4332.14154568,0.282167254033,0.0,0.0,0.282167254033,0.376255440185,0.0567530130786,0.0165304123051,3.32763804232e-05,1.29570817947
,,,,,,,,,
,,,,,,,,,
233.881165895,0.14866070939,0.0,0.0,0.14866070939,0.19049421306,0.308055931496,0.0108602034714,0.000180531132616,2.84558939934
459.650456736,0.215674815315,0.0,0.0,0.215674815315,0.315361535747,0.0163743726416,0.0181647997515,1.2823015367e-05,20.7344818115
1979.94924853,0.269018971558,0.0,0.0,0.269018971558,0.0557689539524,0.0638727949693,0.0120704501614,0.000154640086897,0.504933233989
,,,,,,,,,
,,,,,,,,,
193.938581594,0.166670314098,0.0,0.0,0.166670314098,0.346037965322,0.109087270381,0.0158201937746,6.71868944781e-05,24.2018127441
7798.3841217,0.298057182647,0.0,0.0,0.298057182647,0.24682180012,0.195260226413,0.0131592764324,0.000123959280446,0.158812122641
1787.43513931,0.258831749468,0.0,0.0,0.258831749468,0.213064646173,0.105952276337,0.0151034752654,9.97475276512e-05,4.49428534508
81.7383263181,0.106378333188,0.0,0.0,0.106378333188,0.292384530589,0.0412079043687,0.0172700330557,3.38311466869e-05,16.4387512207
376.67708573,0.203241322639,0.0,0.0,0.203241322639,0.280424973405,0.0826208948114,0.0159373869581,6.34248119514e-05,12.0903778076
845.187132617,0.214444263632,0.0,0.0,0.214444263632,0.00832469199341,0.09998563816,0.00480340170983,0.000293905434409,16.1067199707
,,,,,,,,,
303.747450596,0.172773048253,0.0,0.0,0.172773048253,0.323988676796,0.248977125886,0.013877643301,0.000133947804821,12.3585414886
699.185841653,0.227151662722,0.0,0.0,0.227151662722,0.205391605707,0.166230203054,0.0130167323973,0.000124235580868,9.67519950867
128.926913157,0.120777903598,0.0,0.0,0.120777903598,0.405820223425,0.0971063229645,0.0161797987072,5.23035204635e-05,16.303062439
,,,,,,,,,
245.410434221,0.154571649847,0.0,0.0,0.154571649847,0.181044876567,0.32578357935,0.0104798642346,0.000188263998029,5.60181665421
8130.22070898,0.296817642925,0.0,0.0,0.296817642925,0.0557022860288,0.136420037174,0.00973853671934,0.000225690850708,0.178805494953
,,,,,,,,,
,,,,,,,,,
16895.0616237,0.310845206038,0.0,0.0,0.310845206038,0.0597431356463,0.276111612224,0.00739777925794,0.000254593638515,0.327734695156
1024.22595627,0.23784077616,0.0,0.0,0.23784077616,0.0595674641128,0.110164461824,0.0102594154329,0.000185638594819,0.975360310078
9322.5846826,0.296893289936,0.0,0.0,0.296893289936,0.0321804968068,0.121092027043,0.00810914464506,0.000246271826626,0.296203002384
,,,,,,,,,
153.117884008,0.129871410623,0.0,0.0,0.129871410623,0.170712221017,0.248349132688,0.0115561943609,0.000182944780185,4.90139853954
1114.06484791,0.256472308891,0.0,0.0,0.256472308891,0.224879175301,0.0980858751857,0.0148992854293,8.42565064463e-05,3.86662912369
412.386676419,0.182513624992,0.0,0.0,0.182513624992,0.316734820019,0.216566021458,0.013543457656,0.000112395743578,10.6662368774
3148.40015411,0.271984286565,0.0,0.0,0.271984286565,0.300045921346,0.163449135233,0.0142054537782,9.70577479039e-05,0.810625662804
,,,,,,,,,
237.291955542,0.17703563326,0.0,0.0,0.17703563326,0.37582320529,0.109090130398,0.0160084332626,6.29872515677e-05,6.50894403458
2653.28390007,0.262466298993,0.0,0.0,0.262466298993,0.1551696927,0.193398434044,0.0120753746592,0.000169496302156,3.47592139244
5988.90513642,0.294198270828,0.0,0.0,0.294198270828,0.0961114743045,0.181894657096,0.0105896040503,0.000203030832072,1.83029925823
2362.61757398,0.250176968275,0.0,0.0,0.250176968275,0.186789905421,0.276146090135,0.0113340365215,0.000178892897657,1.7157034874
858.97316805,0.243090595207,0.0,0.0,0.243090595207,0.295735447245,0.107115956505,0.0157228784273,7.70240720539e-05,7.93953132629
637.904956171,0.22672975519,0.0,0.0,0.22672975519,0.338948599614,0.091833299921,0.015796567466,5.69168955789e-05,2.45012235641
322.626167941,0.178517126011,0.0,0.0,0.178517126011,0.334666803124,0.179437225556,0.0145239351562,9.98408321632e-05,28.9057922363
445.378314845,0.187795211736,0.0,0.0,0.187795211736,0.351379893334,0.187824731167,0.0146656171464,0.000101509318447,1.99668285251
936.7585384,0.235345806276,0.0,0.0,0.235345806276,0.061062137147,0.194266535141,0.00883926131927,0.000245251851832,11.4358139038
336.39147348,0.200144987476,0.0,0.0,0.200144987476,0.217810919191,0.166982148072,0.0137933213635,0.000131949001974,3.99446079135
1295.35793377,0.247215698688,0.0,0.0,0.247215698688,0.167281937338,0.243720753568,0.0112023799045,0.000171948954004,0.982917484641
308705.553577,0.404210604038,0.0,0.0,0.404210604038,0.00452492269012,0.0309781684898,0.00621128951238,0.00027167405795,0.00947340600343
269.904577647,0.194033968971,0.0,0.0,0.194033968971,0.0562233641306,0.0594477552323,0.0126385294531,0.000155903755301,19.5616149902
5137.60105197,0.280091480813,0.0,0.0,0.280091480813,0.292832849356,0.15685039898,0.01473717696,0.000102750809413,2.32507562637
339.580109583,0.201549728941,0.0,0.0,0.201549728941,0.099735616577,0.104452119872,0.0124137480659,0.000148750056998,1.77175307274
,,,,,,,,,
997.873827636,0.221399537797,0.0,0.0,0.221399537797,0.0660578510476,0.334556030722,0.00706349497727,0.000255571226358,14.9923324585
1561.26922822,0.250701836904,0.0,0.0,0.250701836904,0.223850973139,0.190649952873,0.0129058370868,0.000128961201995,3.18872439861
2411.29236372,0.264322266095,0.0,0.0,0.264322266095,0.263175932956,0.219358155144,0.013412561566,0.000136328646164,3.52801847458
498.226626446,0.200320550876,0.0,0.0,0.200320550876,0.187569471634,0.288613655468,0.011105209928,0.000179123239765,24.0071868896
341.419954263,0.17304065828,0.0,0.0,0.17304065828,0.112894086251,0.257403563406,0.0097145568889,0.000207938022415,7.88327789307
84.417885758,0.0837009947845,0.0,0.0,0.0837009947845,0.258555321297,0.198065737313,0.0137579305708,0.000131149011654,20.7649230957
,,,,,,,,,
8744.64474015,0.31145943397,0.0,0.0,0.31145943397,0.0695352955954,0.0741644736242,0.0121685660542,0.000145632912295,0.183670302128
1432.46016152,0.257591339244,0.0,0.0,0.257591339244,0.293076449296,0.172547471485,0.0141395476066,0.000104511095041,9.35973739624
8673.20548304,0.305752095336,0.0,0.0,0.305752095336,0.0534137603135,0.19754804739,0.00822117018979,0.000248618353571,0.241994152102
,,,,,,,,,
2196.56870366,0.263352433396,0.0,0.0,0.263352433396,0.0886799637824,0.2021928745,0.00978990030985,0.000211247499822,1.62722921371
,,,,,,,,,
1409.08104327,0.239418658826,0.0,0.0,0.239418658826,0.212294103867,0.194660317469,0.012738694191,0.000135940365427,1.93987569475
167.477923065,0.144976778733,0.0,0.0,0.144976778733,0.407647749075,0.0737691584168,0.0168535221624,4.2105591138e-05,26.0725402832
6324.53022422,0.281638303721,0.0,0.0,0.281638303721,0.355869192742,0.213734125966,0.013923314771,0.000103462143063,2.61662745476
174.915789467,0.129957550307,0.0,0.0,0.129957550307,0.356445484256,0.187777713793,0.0145291071373,9.80396854964e-05,27.2643661499
113.683136202,0.117457882836,0.0,0.0,0.117457882836,0.316773469573,0.084261967595,0.0156952885418,5.50740545642e-05,21.2559509277
,,,,,,,,,
6457.11301154,0.29157545875,0.0,0.0,0.29157545875,0.128837347004,0.249945177015,0.0103992905831,0.000200919408973,0.30522661741
51.9787308826,0.0847827316689,0.0,0.0,0.0847827316689,0.262079543897,0.0228420468919,0.0173243068984,2.03109319897e-05,17.3931503296
335.127697876,0.18680547169,0.0,0.0,0.18680547169,0.268073070785,0.119867808646,0.0152468025095,9.07152208971e-05,8.0445022583
,,,,,,,,,
70.3162679734,0.0668983476353,0.0,0.0,0.0668983476353,0.284386416219,0.178283214159,0.0143032595515,0.000114473314409,21.5083312988
169.508449928,0.124090944823,0.0,0.0,0.124090944823,0.358489507033,0.223668816508,0.0145206845296,0.000117455681108,12.1374893188
,,,,,,,,,
,,,,,,,,,
1445.55699576,0.250838835646,0.0,0.0,0.250838835646,0.344422327384,0.0352607063351,0.0171440373663,2.36362806215e-05,1.13038110733
413.075660778,0.181372321738,0.0,0.0,0.181372321738,0.127203124963,0.325023166925,0.00918896283045,0.000209759061186,8.26807403564
578.140016672,0.226722641319,0.0,0.0,0.226722641319,0.04882363203,0.0344936196606,0.0140219875018,0.00012498722388,5.59278297424
1712.15130391,0.252092837377,0.0,0.0,0.252092837377,0.201706411847,0.270346901755,0.0115567326373,0.000167531396903,2.74561542273
338.693220951,0.183698690423,0.0,0.0,0.183698690423,0.197448822183,0.158491190655,0.01355976018,0.000133874148654,25.0315856934
1007.05452742,0.220749907599,0.0,0.0,0.220749907599,0.0416010826427,0.334112054762,0.00577237073274,0.000277656977243,10.4888153076
,,,,,,,,,
3981.21379671,0.268193344282,0.0,0.0,0.268193344282,0.356001895852,0.179480785141,0.0145542910659,9.38477095993e-05,3.23547315598
