response_fn_70,response_fn_71,response_fn_72,response_fn_73,response_fn_74,response_fn_75
Average magma velocity [m/s],Average mixture density [kq/m3],Average viscosity [Pa s],Average Reynolds number,Average cooling rate [K/s],Average decompression rate [MPa/s]
5.943390433982004,1271.181091716857,6899.958700019199,11.46119545256922,0.1470027333178782,0.1582782693735596
45.673300834449726,841.9745065473988,665.0400238667658,627.5197079611111,1.0331557264450195,1.0343393998270156
0.1980881558315378,1872.281946709412,17288.740416187436,0.0888595868660937,0.0028388537397606,0.0050437751281046
0.3375568305964413,1566.0933076464664,9239.410047642512,0.1677695771742003,0.0057242643836708,0.0092979635699764
1.5090541474398007,1223.221028215942,13843.417498831182,0.9242844399409276,0.0309681645386717,0.0407845280512566
2.711936357540732,1255.618595363663,1952.9360742881884,6.551932613863984,0.0572170802483065,0.0696468664840288
3.556015717246848,1553.173717423087,697.8035759602307,21.515812465935515,0.0609508297755276,0.0960345743074927
30.464128679473745,994.2393325193688,217.41829979954488,657.9512431433992,0.7369966235100356,0.7237899507633446
0.4175290332568813,1764.5150016458815,14025.744382927096,0.272492368032444,0.0064626938725287,0.0105107072113034
18.025189637542127,1411.6285261335197,896.7402108307618,212.48004936317105,0.253027457927354,0.4438186188314949
1.1590849062259798,1427.761446769157,40807.04150029768,0.4567938221940908,0.0193610408918872,0.0314017144594545
0.0322765896403469,2263.294150794805,26914.358147921925,0.0077967217849249,0.0002723138376063,0.0008314830869552
35.64134600146777,1028.5281627441104,715.0403811749497,485.9755169171429,0.8244516560078202,0.7989059014953317
1.245500652861632,1346.130458790016,3001.748041813417,1.7615098741864157,0.0255700488713256,0.0329246105593408
1.8970744120365532,1832.6526499545748,2587.682698206669,6.133141408158934,0.0406273868751138,0.0509194049820906
0.5687914953758496,1712.4206508199352,11723.998527172633,0.432685354248786,0.0055656289835049,0.0142707082337211
8.803912520656112,1063.3778325879118,1597.8168992533529,36.32621145117695,0.2073968802216392,0.2120255785250779
8.771351922107769,1071.1533313301843,1779.717623012933,34.208747425751,0.2044549216415771,0.2137668398768989
27.44503963214519,1250.6111716304536,470.3576789406063,516.0048180561805,0.5387539848847904,0.62871203889525
30.27775060503591,1245.909760200737,589.1003132232524,495.81044582699326,0.6013976289397213,0.7451022209670604
0.3315041410020928,1561.6396003863415,51164.509786516566,0.0677944660690276,0.0050462427941553,0.0091968138798536
12.33521656843975,2267.819569127641,1354.806638403498,226.78282316370715,0.1357312222328377,0.3336540196551711
1.880302637214453,1721.292771081634,3713.961132808849,4.805741042003935,0.0239960335463636,0.0465561217460733
21.400892631128592,1103.8196030150923,2135.100191029266,128.88496045632075,0.4042888017012441,0.5153208266496259
1.506298966281996,1388.474089487866,13764.945774091137,1.195517929356788,0.0326162487808058,0.0389442082708455
18.517807466488577,1871.411202800993,1138.0262018755266,307.55298084544813,0.2504433879238318,0.4834776560269279
7.678043672178402,1226.6216795260648,2577.436243700578,26.48361093204681,0.2086215305010896,0.2034826192118312
0.884069104602619,1820.7166063598963,1333.899539709807,2.7545080632676933,0.0145300724220631,0.0229826665218424
27.860026262054628,960.693700711762,476.8549094784881,339.2610414513553,0.6146190988387187,0.6713622642185769
39.10570454808381,884.5672941225115,318.0340992355769,1209.2053750258667,0.8146625466378798,0.8235119555541646
40.00912267813364,954.8269440950417,382.0903591234821,909.9185074173188,0.942800001296536,0.9299329066769898
1.8152062754246467,1404.763690126796,21188.95977158107,1.2552023299181434,0.0306201916915054,0.047825992832347
3.613396352563854,1576.9773880851594,944.27373792984,21.773316549697256,0.0714106988800166,0.0898281410038274
0.7555901870082485,1448.9575240108484,26757.41055834221,0.3070016201439925,0.0140845280686376,0.0202403916174618
0.1483439537460596,1749.714722588518,93863.71507590033,0.018827211781368,0.0020491280739913,0.004006100318493
4.263209736355016,1908.6860275525448,822.2637943737155,43.798064791093175,0.0627249002008212,0.1053314517883313
3.9729632355402367,1218.8423494730444,1062.7685415517856,14.925940439502655,0.0739651239535119,0.1022517734559546
0.2899650052045591,1696.048660694545,145849.32516530488,0.0403719831095677,0.0037138123470861,0.0077065377935795
4.394762755526122,1670.8124503411832,3178.8971712139846,17.75404558113034,0.0748936397881477,0.1091163862362038
21.131854726155325,1372.6619354887528,1333.5943638297488,228.35576422511588,0.296791836150485,0.4911266880460125
1.9895547036320649,1622.3158311496395,21649.74360065279,1.7491900880938152,0.0258420253238064,0.0534011476317096
37.09872774551554,1162.3106834066546,572.8306689882291,691.7205017614077,0.8734105263278451,0.8677664244321699
3.5075250952485724,1275.0173924053238,674.8479265106549,17.271389246940615,0.0948287571398815,0.0885986555541343
27.53963100115968,851.7002313566336,1103.7287535585515,189.86849658034905,0.5872668671218823,0.6488146569746376
17.99872966426175,958.6308699227588,486.6989702662235,165.64000618913104,0.4278356806502176,0.449906597666074
0.1962634518197591,1893.998829815488,7249.520900462849,0.1231251738414689,0.0021100629348796,0.0052894918297142
39.69523125196583,1263.301226896722,509.034392745223,1107.1501739277126,0.7333128790620639,0.9301828647132035
31.246856199827963,1242.8731534331414,270.9788099015872,850.746241437123,0.6743599400460748,0.7568997270043344
39.61858722497296,854.3570390698629,820.7018804270239,391.14149622020096,0.8644043561353342,0.9344061213956796
44.42423355779036,937.6168468580338,859.9927202302422,555.011794573561,0.8974441899548055,0.996858201702805
31.35895299531301,1086.111067908215,262.92941916819484,697.2360269885133,0.7315435362815575,0.7523482113618193
36.722075610757976,1018.1035103988968,502.11274396135207,613.9726640447282,0.8215869890218189,0.8275913846884787
39.437733905062274,823.1120747880371,332.95288486173445,946.8180112681868,0.8200125311542888,0.8340511997525648
0.1603285720019712,1701.2369390454398,156745.42981329546,0.0170236676794626,0.0023518100374619,0.0040839338926082
0.4259703028308265,1504.5685686717331,28834.26004757701,0.1338381533208446,0.0060931581572732,0.0110967490693744
4.361482870959679,2153.37576196194,3763.02333862009,25.256703476500945,0.0487875228679631,0.1146421974154715
34.56580407139806,1146.6947348711092,298.5716983282171,1065.2103626249173,0.5228208669904495,0.7581460041348556
33.75435937906661,981.6435873107016,815.4992148172395,369.30373462959614,0.6517322051817196,0.7896179247339443
14.067700428481398,950.544270320862,737.1710293322516,89.30530248701234,0.3510494164124124,0.3603275737914281
0.0696362894360653,2269.340374413977,49953.77339553557,0.0189330064914642,0.0005702364585099,0.001774058549766
2.951620918788235,1287.634152655034,10593.894613796194,3.18200844236494,0.0656229459704221,0.0798104810733603
3.128444196792816,1208.1003658697718,5856.84903525641,4.396345072045585,0.0692662991997102,0.0814356794920648
33.52770395835277,1305.9637840874868,261.10050999619256,1935.789349204864,0.7338743168610169,0.7330886191913617
1.4720264782323484,1588.7370114783616,16530.849431421677,1.222469219463235,0.0159450032741658,0.039280807295719
33.013274167016405,1122.6650145520482,227.80700732668663,1142.3962250537338,0.7836650114545979,0.7584022103260858
0.3548568818959473,1753.4705271272587,8423.863352634726,0.2533872014120448,0.0062746361681989,0.0093630558142633
40.210460167415725,843.9456643338049,856.4311425593853,409.865802485382,0.8555176452864608,0.8830300984838305
9.950206132757147,1361.9903825410647,2058.508876032278,53.53103315148112,0.2415377756984756,0.2527640434792959
1.4684195316864348,1302.8089913425115,12886.013240407894,1.033718436221339,0.0290301764076577,0.0389772527676402
40.710589182514845,736.7390090617193,394.75311176749744,581.5622254163534,0.8979688755306903,0.9136861379506652
0.1797314497048526,1753.0388420623824,59888.04440815933,0.0333343043502837,0.0021384713473762,0.0046893540879107
27.568224078183366,1050.4483446528743,183.675667739204,668.3586602914461,0.6113876164836536,0.6281999000648463
30.886452884051952,1433.0942596909474,418.8565825972572,1030.3206205635363,0.6223691000617065,0.6703611132346431
1.3569908832886337,1446.9772607936627,3540.5749072997232,2.074345137606821,0.0299171178852992,0.0363366947733661
28.35526738779139,996.2884315849358,743.4041306516596,299.2319516679096,0.6328980199351527,0.6709389225762361
5.090617329681785,1207.582251254557,1937.085225778464,16.984156435180783,0.1244436505811518,0.1251444354012989
26.462348510416145,1528.0221458887363,842.1539958008046,469.24165214653056,0.3822891321328951,0.64372919036932
6.506683553802894,1999.568232906908,1915.8560979307456,51.3110575346294,0.0769116417447365,0.1753194298208906
0.5462935992837845,1695.8866507727446,17892.469068964,0.282447162226548,0.0057809847228873,0.0151622057180686
39.79428712271029,938.4905205920836,403.91172837775184,925.3661229238512,0.7120881027426845,0.8493450858550987
0.4906557856810852,1622.4250017532388,15001.036440139016,0.2572510346073705,0.0053525216511528,0.012982875387237
39.850464190001496,932.6840417679672,326.3644652775157,1365.687325001524,0.925021125999702,0.861120913020011
0.200498720713724,1784.4506468214554,30856.780295676104,0.0586384198714663,0.0025688120164429,0.005157122034309
36.42040760385534,875.1826096327999,1230.9589004579975,300.836101388345,0.7859891878753684,0.8209980791527908
4.522981740708485,1685.57648163744,6007.316353795877,12.304999142467992,0.0786196995809259,0.121924490848958
0.4174269319610154,2147.4403697118933,12452.69518452252,0.3983761183983504,0.0047352053312326,0.0112347077523627
0.1299118204894355,1993.4939793023573,13687.857491418075,0.0586660561727393,0.0018375280980698,0.0033971972129405
44.81674852776716,803.5508688295596,872.3721595962128,448.9066533942426,0.9780620394766693,0.99656496801294
8.034252586149568,1120.582613659465,4092.660828687903,20.1077826348525,0.1917035236526945,0.2070400445953974
2.9301124158258727,1196.709514040778,7133.206691046794,3.657217780325824,0.061771827657043,0.0739025616187243
40.93883727384269,896.9762522852775,448.5990256255764,901.8758521462012,0.8874416056100561,0.8529515287394891
4.119499976973033,1616.603957406417,4349.752890631464,11.889481378346792,0.0704212454896845,0.1092687905000901
3.480851698301624,1455.50171643266,2300.2628180312736,11.601480456943428,0.0696265030435852,0.0860920432709203
2.6611994164629835,1199.7080355286744,14741.007775485632,2.1919594562218534,0.0550708535418769,0.0675948715803408
0.1451399986277493,1713.727781012202,13810.417981971055,0.0467469523732295,0.0017896895666898,0.0038160056311772
39.4545196562402,854.2295973142053,357.0029666910035,872.9325344950995,0.8997037966414162,0.8504017232251153
3.988876838901843,1450.6209538510484,7892.593933608367,7.59511303246325,0.0973469752747486,0.101222062848365
41.08101369422599,1031.9005994999563,418.1957579016555,1127.9867847150672,0.8182787136342115,0.9334271997594302
0.99383708778002,1961.7109536597432,1891.648433621479,3.0126373534591058,0.017010104894305,0.0270703649177792
1.321870129520867,1580.7152823571655,11392.409315072746,1.304390853400723,0.0165379154885007,0.0341582278038626
5.502753592564473,1750.628394860361,2736.2543060453736,28.82255280774485,0.0766882301858215,0.1372463324940894
2.820101575110786,1164.918228424354,3781.560482793825,4.338339430787989,0.0708985868717916,0.0754139418257619
8.56869141226937,1529.3140868750647,1187.164402029476,69.60239611924959,0.1574438266906193,0.2091086017852226
4.953972078670806,1117.2308431250406,545.1699457921264,25.363057437687853,0.1306013708900106,0.1318498888981872
34.49242882501447,1097.3181456751367,1133.924095079834,383.85407590750407,0.6378979271937092,0.8006963194978599
5.17778359436558,1421.6898784270893,2461.2490224137914,19.733840967643527,0.0893294430854786,0.1264331129689224
5.509080332181606,1167.6385693916463,806.8271037026293,26.23292882902852,0.130011849030606,0.1451202033901746
38.76091098236138,976.6227489776924,242.6117607391727,1738.077632992008,0.90012787953274,0.8987177108899821
22.43901485968985,1247.20008505095,695.2681315354854,287.6471860422399,0.5151511891061961,0.5533600886625663
28.49550324560291,1201.901790238807,860.7551718838539,379.3556099286316,0.4819470916374059,0.648357762439847
0.82695062061682,1467.3199212544507,39952.56976091569,0.3083000565005509,0.0107932094387134,0.0209970306874537
9.110691007808304,1218.8315309285706,4049.333556290732,26.958640265785284,0.1963239078780982,0.2397872520366888
0.0672322012186711,2121.674393830799,120287.0364204899,0.0077751194225802,0.0007945500002596,0.0018398221141091
2.616567793541569,1618.130578682209,573.4962941346041,17.209746648643637,0.0357696947583984,0.0660190143277058
0.1456169536027163,2103.9545426836503,52617.29188635088,0.0379066185844515,0.0013199825792768,0.0038906458253775
17.363205263321372,1086.47740235404,2494.6634863666027,80.24193077847026,0.3454878266994152,0.4434962619580309
8.889181377563691,1659.3138942694254,1618.268575672697,72.47918369875163,0.1737369890782044,0.2200331859275319
3.1221689354740896,1185.0822216692766,1234.067847140214,9.704566928182356,0.0837284147731054,0.0778811427053797
0.7817861805973718,1604.7338291768044,14983.629643664764,0.5515048110719707,0.0121308445448996,0.019849724453131
11.830460753187571,1239.1412083515588,1326.5492108170752,74.72018914142676,0.2957442627767305,0.3021692355419818
6.6535723510589015,1150.8707434309242,525.5151236272278,42.42097977007869,0.161105595938878,0.1754801784651447
3.5072394347008977,1276.0904419746885,9974.96764330211,4.213581164143059,0.0754589914517445,0.094430241441549
0.658090234712262,1673.9235892270915,19027.32434368672,0.3921763658164335,0.0077850075101944,0.0170108903100244
14.346097031222952,1066.1859975558427,676.6306934540456,119.47445461157652,0.3539185126179456,0.3436384672765329
0.432451211730857,1437.7785056759783,16330.942095095495,0.1758974893428082,0.0064817813711705,0.0108207443049079
14.571299634523974,1508.6801249751488,2116.740321016742,121.69431940766968,0.2805538695965707,0.3417237444447021
7.903303497580377,1015.1106748301768,525.0955275574324,47.92414136373396,0.1985788542880014,0.2008330518408827
1.352103477246117,1640.994228897066,21054.15528431181,1.0247709894085133,0.0151463111908618,0.03571068698038
33.92078725375279,972.9984140768988,304.52592058652743,607.4862400921756,0.6577379872548643,0.7994918582723006
17.29815984244466,1190.2170033351829,762.6929567971732,173.73519058306888,0.2696356390201359,0.4091831501142604
0.6653194562409017,1469.3750917369584,67612.16310595241,0.1700810514829681,0.0098626232007826,0.0170284960261826
34.51993394640461,1251.4985272413646,689.8910772168322,599.9302898043051,0.8220779119261088,0.8277575625339008
1.705186902439435,1438.7269784468824,775.034922615148,6.58968891457445,0.039525048526676,0.0428923531054146
11.287164379510116,997.6377745226464,299.4247797140528,105.30331619008246,0.3220748499520633,0.294880454381917
0.7331093491042959,1414.4501897394211,13515.73956132744,0.4261119572059745,0.0129761127137666,0.0183894836306226
0.0247514848658912,2337.1893764331394,443725.5865734775,0.0015025462245931,0.0001834733431956,0.0006354110170997
34.7863037369834,819.4463755380555,395.1266976991639,439.9198165220333,0.7876580012733114,0.810154126350827
20.634777759396297,1242.3152195169787,1057.7161021514323,192.00558441141476,0.3059233252828977,0.5245320252947424
16.705177184902347,1174.5370112265796,390.4160262286959,228.41195365206988,0.3615426175709135,0.3977551665749406
6.157564740609342,1105.8487337246827,1174.649342096894,23.84837357192149,0.1432506892884718,0.1622673407309442
25.36529678861787,899.4749445175463,1631.8839218248297,151.33469641432794,0.5107796171948635,0.5805843093811001
2.695537398483442,1468.015776501007,1906.5332043113733,8.068974043553874,0.0393957175836826,0.070583572545377
16.15518347197584,1050.6337805034,253.67105703553509,224.599266199605,0.4307579863055902,0.3974723011379187
31.712496651920773,1221.8905322107255,629.2797908189904,538.5998206737232,0.4201234590719038,0.713160965881206
1.2173396442079618,1412.275464710942,32189.553871963803,0.5845101329471419,0.0195395755276685,0.0308867220442186
33.22086920656533,1351.1727654217143,274.83036633544714,1872.1817256368615,0.5349564903684432,0.7383112018930935
5.481156072977386,1540.8268060933658,3445.0876215853928,20.484304571501934,0.1040108355697038,0.1370953960138853
3.41721052948039,1350.0180850007512,3113.718291570172,8.279044402487035,0.0555653900172545,0.0861633519844036
3.223514208400436,1200.2105453790198,2423.9584197846243,7.269730870398884,0.075602369362141,0.0815793159692481
2.501329236318843,1233.4957379834088,16473.009692530602,2.040777575961744,0.0532267691894385,0.061625122327272
3.3860197437837085,1274.422210709727,3764.759388329743,7.1189313308044735,0.0788649138383759,0.0834935218529617
35.76284745288205,984.9190641790332,275.8184828384433,1097.5003468336945,0.8113364060506428,0.7743897088424584
0.3486417471578451,1670.1621824881115,92916.69641146128,0.0686705410281578,0.0031871967613927,0.0088268927676659
0.7237499442179225,1345.208956515093,26054.67009664115,0.2595019906110551,0.0128573144121691,0.0190478027056645
0.7777098177975116,2052.3255155448637,8667.352167911622,1.1797553262669065,0.0101484815770156,0.0201227240474189
31.26490380855169,1221.7162404425549,1131.9908262714905,364.48346632330623,0.6289267519020705,0.7727453515458689
29.103721244766856,1602.936450630555,251.97829380649404,1602.9077902774627,0.4302016395052707,0.6775869190250129
32.18685350101944,1232.8905526504395,230.2771330131816,1209.1517542180334,0.5784364401535379,0.7436326431281541
9.360341601970331,1310.9946683951382,1845.894842109524,45.79975871591365,0.1813315820201234,0.2472481359924151
0.9794858643599978,1272.8834041052412,12621.96650798674,0.5440526337662468,0.0191577173109044,0.0257728658881793
11.803121392040412,1131.3186242528711,1778.627480767827,56.61528390965928,0.2334557966837088,0.2947533286592129
9.939804675814518,1592.892934518173,3154.474774906483,58.18093376055007,0.1283476712599708,0.2369339632336634
0.1962427366211249,1669.2995504090786,11839.140602565209,0.0712014130245498,0.0028208820112342,0.0054455825336487
3.0356047144873304,1385.774574997829,2823.1580333508828,7.562249299354247,0.0494888529949266,0.0767928353505159
2.0288263790289807,1370.7172646204342,6859.894011164199,2.4973663060483733,0.0387435206372921,0.0539528087105605
0.1688014419400917,1748.996466514137,58379.11661473149,0.0313859164580018,0.0016455760811328,0.0043005706824079
0.6570947030097619,1759.1037794830122,6531.905561368735,0.7429284298464746,0.0087072066207923,0.0169811290567567
0.1774983668087759,1703.1308376925952,49928.22602147491,0.031663235893889,0.0023861489006803,0.004830946107356
36.54899292133031,997.4086568667252,228.8042248882087,1645.3657208976065,0.8293733559647353,0.8146210313224912
21.48372054392349,1619.5334651309388,776.732537985794,402.4338155043913,0.3420984037053099,0.5155928413352805
0.2892268272001304,1909.4148227619369,9804.894001391198,0.1953551603336569,0.0028294115511818,0.007722706305615
0.8526311881637945,1763.9861808164228,13589.70286802688,0.7742199753864095,0.0140842530023235,0.0221563532702468
37.961499372390975,753.6974107853137,265.84692414095423,947.063462062471,0.8633741942058085,0.797927339957376
9.6167414342607,1745.210704138001,923.552330700598,123.2812862792922,0.1732742204094212,0.2317867846135237
37.13310454355821,1120.926806995074,491.3294690976891,713.0687374670406,0.5633652590918921,0.8212766361620568
11.7655420048519,1138.9314591086422,3135.9676138138307,44.51211454283507,0.2700428903289622,0.2859265552114093
22.36873105857265,1077.8373653430972,1376.2439231322574,173.2155458858864,0.5188506357080561,0.5230832198380091
0.8119002758409851,1622.3496930793806,36533.567161923165,0.3727882881421502,0.0077926082717064,0.0204888528137368
6.927617985598149,989.372924783775,1734.5839233271251,20.827406541645487,0.1688814460659908,0.1762103909913949
1.5650491850982098,1386.7516013637212,3009.20596264541,2.637696450622456,0.032733344955419,0.0410712083827521
14.611378393439487,1033.4777213467137,3383.295549832907,52.93590888846608,0.3042565696117884,0.3461304020305855
0.4689855076225703,1587.519058601805,30875.35713333165,0.1575669357968117,0.0073328855623071,0.0127600967832547
31.34431159061313,1299.546447993793,187.20484240418733,2338.1822366341444,0.6694065549175279,0.6828174205413015
45.736576447370325,798.1296442318804,583.1345628661695,700.8040888438901,0.9510850498908848,0.9996566933650468
5.114970087819453,2007.069471139876,3952.70236986062,27.531492609746373,0.0915828473124039,0.1336830472188979
0.8498388074806287,1465.6450263022505,14868.503047600212,0.5212205213984696,0.0126827396704975,0.021826917865984
31.63607411774648,1675.7124765513904,503.6738253210169,1010.000795898662,0.4923762475741211,0.7663984463260207
42.06753209181442,746.244158434736,413.3502892518943,670.8580075737362,0.926079992430264,0.930815090958334
0.1851873905800014,1674.791350796399,211968.47014577044,0.0170805039531801,0.0025236512415972,0.0047929157660289
2.189584128722327,1761.1983717370806,5129.409666109228,5.078408614141759,0.03105179089671,0.0567192706589438
44.95193295810581,872.5829849414198,499.6073507628608,885.6155242527236,0.9653708957391304,1.0311608278294928
12.914583322113732,911.6422695530764,4250.8503478969,30.988796670331336,0.322119649467957,0.3308115359076544
5.913062324535404,1384.370203986657,2871.660496708733,20.626756787057055,0.1013365377864044,0.1492656286587519
0.5374694084311226,1584.2156278036912,52162.62525696468,0.1535716841843428,0.0090426286173001,0.0143243865009759
5.838964801172558,977.8776274308168,654.0099485855648,26.42166221219547,0.1504931734152308,0.1435934214575123
41.80191127905472,814.5794241955946,426.8784162168713,626.500387941353,0.9434856288094337,0.999249322861351
41.931648616378126,972.630958006408,776.3304111576158,581.125791252954,0.9597773028241056,0.9320555150241812
13.594943046009346,1252.92195376898,2707.632246060494,64.5458574802143,0.335369001982347,0.355822296801827
41.76853444002737,838.1454759790118,441.3551592979547,706.3877802620974,0.9668353387982224,0.9602426557324628
10.668957811876108,1286.178754485273,835.2282054103783,91.36203567101636,0.2624118782936756,0.2532517292430177
4.552521387839476,1404.541134863733,3846.1047958127774,11.904952425755235,0.1112059868322355,0.1213101542737454
0.9316219957518544,1522.3732514016583,31605.21821128133,0.4317404239959235,0.0128090395807893,0.0242433585083525
5.943285816783948,1094.3072623300243,3277.6748049825524,13.798758034542988,0.1308246390388289,0.1509485750236559
23.181582640316567,1317.7944232423342,1540.0367844250186,216.5397356150673,0.3453441467523884,0.568910024231892
2.071305202941595,1802.3216303882552,788.6449499709038,13.162008416660662,0.0330676285312702,0.051698369848669
14.286313947702194,1118.843016725012,386.35503987191527,165.2947408625214,0.2683200714186012,0.3424007336685139
0.4772661079672219,1867.0233505402089,37347.0787838948,0.2014079748952305,0.006906530995888,0.0130328383520753
40.31020019433131,1070.1115319824262,592.3517812713258,754.9349621985315,0.9541739466021792,0.9164777327875768
36.466434427290494,1034.05912638129,402.9813976383234,642.1472282562406,0.7854943361013641,0.88550298406361
2.399366254135261,1461.772714271268,10939.578069865744,2.759006525574028,0.0343777251474908,0.0642236079394333
0.780532595643788,2030.508928121639,2042.912238750918,2.2410695841594968,0.009069281981869,0.020562435786212
1.353864342795715,1550.090218675734,26513.65957769556,0.8557860855183717,0.0286495039963821,0.0360783786152304
5.189024117732499,1333.1159034904215,3513.994599867145,14.48261478514935,0.1276478543717506,0.1337336322595887
30.730037724357462,1074.2965350303216,490.2233795908148,461.61056956303446,0.5307347788813614,0.7221492974981155
0.2489646177150469,1801.980948249826,52314.64347969261,0.0608304445967047,0.0035027072798666,0.0066423748912787
8.997478526602462,1136.310307848092,465.6077834431436,71.70887345054606,0.2092331353906548,0.2312108020881348
13.557065794679175,1557.4915755419684,857.3362929744669,156.41965714293605,0.2216050305842389,0.3525556449326151
11.309875943568828,1230.9320969729072,886.8149575132105,83.23047123576565,0.2990922849217455,0.2937827871189346
1.37538496085781,1249.7936209839809,1383.4656568479727,2.789431407472116,0.0307877509896816,0.0349963310098138
3.056564306303704,1196.2042616246194,1374.5326074239283,8.860739662757268,0.0840838924119098,0.0781777991059352
15.703527739636463,1926.2126178659032,1277.4112108665938,244.0840572752255,0.1815066677530744,0.4022372590517366
0.2159902629160049,1656.8128748474276,6342.894414006377,0.1188297377631622,0.0033037115170769,0.0057276894763307
13.96315390497798,1199.1981024896982,260.8167479718241,203.2367524923116,0.3754795840625299,0.3634888131719076
3.144016701956434,1623.1034716384431,932.1324597897474,17.521155840860548,0.0622253475823073,0.0823762113662255
28.85163313101811,1521.1159339787348,399.0563455587246,827.9320955601321,0.3896070722698353,0.669450166411642
0.0190226434230788,2299.92580507437,74182.28427956735,0.0019217353454914,0.0001556784168779,0.0005138227041393
7.55681241811355,2089.00977216648,2223.9573412132195,73.08288421347348,0.1011768492580345,0.1952736408818985
5.692222127146981,1222.5241225412035,5007.383795075267,12.776858845146954,0.1245766676153781,0.1393759393094537
15.613794953329208,1590.8245753184526,1117.3889376377128,187.31698924530795,0.2589693766096069,0.3887068850050763
32.27027722632927,1388.266106801227,273.3099766439226,1600.9471086258511,0.5904398701564848,0.722818420290582
1.5742412625931297,1124.0666082444316,4370.230938506186,1.6490015070644728,0.0342653827577779,0.0395528552127025
3.869387727992077,1352.4234563352209,595.4998385198193,23.339489155108563,0.047332310897857,0.0936811809208763
11.172402746673704,971.1931212899468,969.406707452179,57.61212625415016,0.260469939518408,0.2766278432741526
19.22631447591221,1367.777364656215,1998.3252777215816,149.3203708922435,0.3500326510594264,0.4826576088259443
40.17618218269726,1075.7245863636742,636.1949880319581,710.0797430171478,0.8458336937087423,0.8914849074908787
0.3103071941771481,1736.0687728718383,57052.22926683489,0.0724677821366027,0.0040166821329659,0.008468129104457
42.2272362352126,874.2890774745588,444.8621510109849,823.1231216165072,0.8967011152923459,0.9455044731031388
16.636107441520632,1110.458337648758,1934.4356607530024,96.85274883433864,0.394302287479944,0.3885732766727286
2.054061211050674,1083.971668974349,10045.041084224174,1.535606724516653,0.0486248764607299,0.0524222128800333
3.761107094745926,1148.572270293032,2275.9667327748566,9.124146657046015,0.0810642930986777,0.0921320850741822
0.3257492530749286,1874.778219217135,72733.72208738394,0.0904926852416417,0.0035346094367655,0.0082852000806144
37.51583739619646,1037.0930994791486,427.3985963031869,786.5234352774778,0.7176859016091095,0.8222177046170375
10.5756983908851,1017.836371375914,3681.971839033459,29.46713740527116,0.2352741602491768,0.2577583215814336
9.757482345979987,1175.5917403908336,3412.08789667296,32.62784899757783,0.2079164488299051,0.2426189657295618
0.7250300575183212,1372.851678724765,54926.41756295095,0.1939386296065743,0.0120424673855831,0.0183218452138305
3.057966151544925,1486.207735286956,1513.360440695946,11.80907739964504,0.0690641775259505,0.0782298237209738
6.257233123309938,1158.6575512981108,391.8877359039578,45.66497739800583,0.1260581709433316,0.1609383402801433
14.143342486558725,1679.778389631262,129.86422475969454,566.5783436278492,0.3118695102523113,0.3349882938228838
2.3858848624824835,1608.844459129359,7582.817799675879,3.806382460332493,0.0393263472462014,0.065080147276543
11.864722724567653,1046.042083489829,1168.865724649508,62.24333743876619,0.3069405304366742,0.3049770131247732
34.14874377733872,1487.168206078548,433.1999239517202,1362.7660954225323,0.6283102851165039,0.7742900783474819
6.882921378914707,1626.0350349908608,2990.094702604385,35.61805236285285,0.1072780488716034,0.1654934720114328
1.8622059751337168,1348.9814814666456,13695.413914848166,1.5030441026334471,0.0342593211351854,0.0497853681330778
1.6839893682331672,1462.4187027931544,6101.984705914063,2.322407773770303,0.031159058023113,0.0430794999566803
2.02507368292238,1391.4815672642042,11500.93656407762,2.097265941960303,0.0418929215705298,0.051217707875343
30.52553194071007,1038.9692781047363,837.9512182443021,329.7842045719632,0.6082356869006241,0.7319258970229411
7.219837162189672,1260.3156903158256,534.2005752582234,58.70182316996944,0.1641466933570419,0.1756959291374512
32.695017031546605,1103.2306521965163,513.2494064240306,555.9371655152387,0.768192011184291,0.7382613679985239
21.974458032302543,1437.425801042818,682.6943872400518,356.05920601499497,0.420502801063099,0.5320597606287493
7.401424975797182,960.0264315298851,830.51672126323,31.610856410061427,0.1850544132769145,0.1904717728237711
0.4473722965564223,1888.3762904323685,74987.88803063227,0.1296204267547885,0.0050442370024067,0.0122113928925857
5.0510930062541055,1091.5440570652324,12358.397085883862,5.288155847798049,0.1182375383310521,0.1358016003235841
3.113224848176757,1341.544257479826,3654.320040103714,6.750947543027099,0.0645376436917175,0.0777556508166574
6.260373400220686,1126.5155097829856,1255.6070563513056,24.144923262369,0.1619366994352262,0.167496492537139
4.258935666839093,2019.4764811783875,1278.0455238636357,43.47851008176481,0.0690739000580676,0.1023666919180058
33.24151881300094,1213.0361720257072,939.149496088754,436.29083411417565,0.5540792733097873,0.8119129510333548
39.35455529061949,1086.6457008395455,509.2860758504906,686.5342764186994,0.7314358600732441,0.9491532347429352
14.287496197101555,1110.4722427364482,3180.8890410902463,53.700691948252505,0.2856422091625318,0.3700780674870239
4.310180518039088,1695.0551630570906,6737.53232429683,11.528903134909973,0.0759825198271748,0.1117045028892815
3.450231048056541,1660.4214276686264,11227.644044575243,5.920687159794292,0.0645737515717227,0.0925888733923754
13.803142566443654,1499.6170395117908,2597.1986665698687,92.13072570315356,0.2444084092119525,0.3442963503738022
34.47057878763848,904.825762708812,906.2974875225138,325.0688252550051,0.7631433843894837,0.8091182644196006
2.630294189987397,1506.0387204782555,4468.959708710948,5.419030911407963,0.0454279104960471,0.0685211549354812
28.958513593513384,1218.9810428848373,160.0789779147458,1615.9390049018673,0.6794523652743966,0.613775855798318
1.0784257763107743,1319.1081739028882,2499.250938803955,1.446867878342912,0.0196213323041039,0.029220566874631
34.30174062479359,1005.94804157367,620.3814982671587,452.0480740418324,0.6623331609483559,0.7968842142221078
0.1906431514734629,1728.6806885938274,51913.15852669364,0.0398458304576451,0.0021813568178329,0.0048183457760689
8.200243157223005,1321.7666192043202,1372.1850925188814,49.29221616327301,0.1819186662124145,0.1954364267592402
0.1487943596425723,1939.823196271916,170486.70789367522,0.0183561007825304,0.0012983667509792,0.003897418279301
28.38170679318264,1149.556341062793,226.3234628215205,661.2369131153046,0.6282062959392768,0.689422549763718
7.287486703304292,1495.6759626056892,2273.005022024236,36.58968338570632,0.1564661199084103,0.1850369056458753
41.6985287093669,1383.8851641477477,624.7191180801016,1090.5817735185535,0.5563278470901956,0.9939671261063768
43.42219252318674,909.5133176101316,871.5845153384786,514.7646161690386,0.9105868878618036,0.9561564913449996
15.511647132493058,1096.2194959290928,585.6912804230733,153.856226148247,0.363978817533154,0.3628181635222461
0.7670130930963991,1577.0889634188,55242.14031681629,0.2403090161374396,0.0111522323083494,0.0212577656925852
2.382309443087655,1415.0808288334874,1890.4821474857783,6.317315954177122,0.0526790551380297,0.0640929536389894
16.23967720974554,1731.3748413821636,729.1155833261366,281.40340734051944,0.2455616025171409,0.4103967388872115
40.89000903716924,944.6441222218332,561.747106355553,603.1970641896396,0.8895309339976946,0.9545721346810712
4.933843808548124,1134.2832178688516,8238.884111135605,6.565410836837905,0.1101568450233786,0.1329154633080741
1.5175531397696274,1452.7488748416458,12194.221693468597,1.2662114338123824,0.019900534464878,0.0413840840564464
35.77893865118263,1116.650756539908,874.9105910784638,474.56474190181785,0.7057353462864726,0.8354700692172308
5.5125670548111545,1016.2278082454832,1296.3342534780163,17.33096814927473,0.1302896927117758,0.1425032682551316
3.3239537745023524,1343.119273817278,9481.14459929796,4.416475420239313,0.0855870033272063,0.088534996922143
8.407113734648584,1776.3154953136957,503.2693734409388,150.39518254184725,0.1816390294656489,0.1951524740105942
6.99281805079548,1228.4037538537723,3260.3065233281536,21.26647256657053,0.1267047574758699,0.1731163757538236
4.511550521719919,1262.3177894757166,9384.430120297948,6.313362698332433,0.0853896005763956,0.1195173726804651
14.480110122841571,1774.5260359992894,1342.3703386380666,196.3431107252813,0.2441251820308941,0.3517613866978209
6.358078624828434,1212.2053703602269,6249.170256324003,12.4640308677205,0.1278248453472969,0.1662733289893819
0.150827967016305,2068.685932684826,93117.73285520967,0.0311946116465238,0.0017529435584508,0.0039239268226665
8.506143254409121,1204.0857348335542,4947.670774223061,23.2180419393658,0.2160746182134165,0.2101863147469904
0.3907420225039112,1564.5405800042186,5727.420338972416,0.2645559974971544,0.0064711375135677,0.0107694491816035
0.0411044919024774,2078.864542456725,239608.88857850828,0.0028325972344501,0.0003239875771867,0.0010459754005539
14.99975674293545,1138.760537166655,949.4849460642096,113.15961414799678,0.2729640933062787,0.3719237128377349
1.2877956123487684,1662.427794580113,2821.6368030759404,2.63323439081658,0.023425612106509,0.0351140065391395
1.2402352506409848,1727.0801331593225,1634.26631918058,3.499151172681678,0.0220634197171335,0.0337571181043154
48.15379441150839,841.8358767976173,761.7218370497486,593.4582585668253,1.0354279880257975,1.1223501450881364
34.4340395159487,1341.1860013311082,526.1731423290968,828.0987456461758,0.6499317841674367,0.7857172397243793
0.1862290701748913,2138.447899640973,53313.03349207781,0.0684634897972351,0.0022722056370367,0.0047007094524071
7.755376863455675,1551.6512284557218,4845.460626641498,28.50311295796831,0.1387453501769883,0.1998810941468513
5.803766533259664,1132.3239290066751,7898.449789134506,9.447636237291,0.1416018762899903,0.1416260087530472
9.99656964273322,1180.9007662090785,1185.3188992057069,57.4709940353391,0.1845444125142124,0.2467542708546587
2.2893368859156453,1895.84358026524,4613.728699482553,6.290980897552014,0.0392551136802363,0.0621581142086523
3.789451614507658,1898.239925162772,5474.112054536014,14.30740366832184,0.0798802804834945,0.0947292498177546
8.462585205743759,979.2304153324984,3000.2887346008406,20.56291486016864,0.2157665858355048,0.2250564373514173
5.091449557573736,1781.028380291367,793.4098897235184,48.49669337819631,0.0917244408114496,0.1294159442855543
40.95303653471335,992.9441066872218,889.3273451389493,512.4979622356454,0.8579356436369728,0.9192175921737732
2.824695049473152,1897.6269167085727,4364.871019761463,9.471546658513043,0.0311048628470637,0.0718467274432339
0.5723683057128615,1922.7656493923064,35811.069848142106,0.2834382813862758,0.0086293826958873,0.0158146687481486
0.150481979672094,1655.230731652196,17687.15151608198,0.0428251006350259,0.0021961673166837,0.003839483384742
41.96757283832979,1241.844664457592,824.0413122087078,754.39180812106,0.766161403146961,0.991840541686076
0.6325131489619847,2325.145265589421,6773.094477187227,1.154193462113514,0.0074153734611604,0.0176526943924082
9.719734187770856,1482.3819129732574,2473.135510690318,56.17250604974699,0.2066274817190078,0.2375171676506633
1.4425244417234655,1280.7562436361218,10716.275898476304,1.0442350036108066,0.0297893715119972,0.039467146415396
0.2930401628549008,1820.6597372940305,15096.687494306743,0.1580012282041959,0.0046038164556868,0.0075596207488159
0.1895413426758111,1888.3103165652667,67866.71978528416,0.0399610819239744,0.0019439065145654,0.0049476625215231
15.959805143317396,1518.8662655013966,698.4538711932845,230.17131618596687,0.3590067360774246,0.3975055186107356
21.74084624034357,1176.4068014904617,1578.6907486489745,176.59316902653944,0.4774359964229127,0.5057600517755114
15.659796223911918,1087.837236806396,2054.8109035947045,79.32747210881094,0.3050429445857864,0.3781613330423661
1.718521093199451,1261.7364510017726,1725.2948375876604,3.314514200573554,0.0384618461733036,0.04688860278457
0.4513436102191143,1464.529385195639,90448.05955298703,0.0825287989840953,0.0062277151600671,0.0112791679745948
30.72318223141743,1436.2379565243984,318.2893129005796,1172.304257935849,0.6180399547749935,0.6920135100137522
14.648002736188928,1260.665086149629,577.4031912015026,165.60824935231284,0.2690214382541489,0.3560776216748966
4.511302804681986,1642.274505333687,5962.1264754560325,12.353532462349635,0.0705292169304784,0.1161913192943465
17.554692119028818,1333.857859938594,901.177597236824,194.62520027409323,0.2767757768277667,0.4173272681133836
29.473108837156836,872.6811128893056,1106.7427376728378,224.8762860139348,0.63711436073707,0.669814260650725
1.2430563551164024,1425.89972890005,28299.995786762967,0.629293334659708,0.021379513176563,0.0327423190442599
18.592982435244245,1132.2438645200225,790.1958789238736,167.5482280056979,0.4193640413620164,0.4787772613150762
0.7345124233628699,1772.466515097821,12406.123805517009,0.6168575610818943,0.0082507849889166,0.0194348593263086
11.86422469650218,1017.00414468427,1303.5480760891262,60.14770708752041,0.2689479551250808,0.2824064809492506
0.390731945710855,1529.8714372542022,15632.500211596662,0.1655404222718809,0.005295783479522,0.0101170115045407
7.637507001536898,946.2129294211549,512.9886122954704,42.69137265721817,0.1939639120079235,0.1891741904753831
21.729840947489112,1072.566992962404,1753.5815624075467,140.1636932709721,0.4048199796709007,0.5211737042840341
28.060750602564752,1080.6702136623371,432.9836579802381,426.4452689394773,0.6209446745262144,0.674556144972608
0.4934454374063493,1509.191644749223,65517.29436449807,0.1062819506748456,0.0073398428543195,0.0134213979980945
6.980625502535927,1365.104621743361,1567.1858841730009,34.01520097174628,0.1757364210958497,0.1861773151011189
4.146993783048088,1035.4694129235172,587.547356401005,17.43588829487885,0.1115670753055798,0.1052851064444755
2.6266995620054745,1239.164556330274,2517.1117454161026,5.1324890757795325,0.0645085292433038,0.0713911544589224
2.120248219741664,1349.4542655037344,2002.5386117992132,4.639144335748526,0.0346138453348016,0.0576522540730477
7.276926351085503,1786.4812820347925,4529.957263971348,32.8256608819052,0.077969098917606,0.1894357883304336
0.1209621855545876,1757.7051027761313,113692.73645283443,0.0122865740733229,0.0015101388027493,0.0033012558238808
0.008472104293901,2470.9871790544444,710411.0355214502,0.0002119898138932,6.186948934060683e-05,0.0002384727137992
0.2965149925361039,1708.7802106450345,23259.460594686072,0.1066931955792613,0.002643399428562,0.0077796530745181
11.661333245419751,1701.3932230466903,2424.140733359206,97.96128479453516,0.2120605866396226,0.2805855998972015
20.1279041957395,1392.3918891928424,162.44741702465075,615.1031659518358,0.4648140277729278,0.482619888497292
39.50974844144896,908.5929564199034,533.2231963448431,584.6029212203285,0.8275711778742892,0.8660678874402071
0.1799366521895708,1778.298267229524,107925.1478005996,0.0255381274224001,0.0024882359280352,0.0047288643816976
31.0038729485458,1433.44417704765,432.6511975475992,845.2528128225533,0.5979427525495683,0.7174578493532247
14.123604457232467,1432.8552103907182,1574.4587431365803,111.5233483998255,0.2470705500375861,0.3568629944054832
0.0440127780154556,2199.277189402595,247663.44334967225,0.0029745088819773,0.0003692843435819,0.0012250005693965
22.62578582526392,1320.276706536761,502.5766147027522,408.81068603613176,0.506105219941217,0.5160635061901984
25.649682058071537,954.2806563433882,463.5242262233015,309.01993185366314,0.6049571203082841,0.601004358709698
0.0491625505864623,2186.981321797873,86600.0603538543,0.0057816302038423,0.0004539780027408,0.0013795186516531
4.915682465969233,1423.2738966468837,8476.128212812071,9.446242727964314,0.1215574596757996,0.1283576444459566
8.910020533640331,1052.513550672042,2474.125171804055,28.321269775080008,0.2072913557854888,0.2231769179291502
6.564931395160487,1288.3107025150207,1953.0570545972528,26.56244757257789,0.1077865919505451,0.1627475863012466
0.2176018144907708,1819.6197419846596,170644.5303783631,0.0275683995740485,0.0034286595297907,0.0058948198536562
34.52898032459418,1384.6610747592329,344.2064632298128,1572.2745783940286,0.6066345820010693,0.7757170786701487
22.30365119269984,1351.4009924577012,1353.6233781552123,221.9777737240603,0.4245489261295669,0.5663685684702843
34.69150456365967,962.6126957389127,297.2430590115529,747.6573054968167,0.8493183789559536,0.7888913099582507
0.814931934679387,1506.5839633771093,33419.051785512034,0.330544293914458,0.0140644781339555,0.0217085373382126
13.453759923966668,873.6106217902044,855.4471031307282,70.49465920049191,0.3465563972982811,0.3369218556629006
41.22809333299818,1113.9819316806445,564.1055789793861,734.8594129692794,0.6864354871872271,0.9875338553140308
2.5367202137498834,1626.8259970516854,5626.60654480508,5.365079199713667,0.031027471327865,0.0636707115130475
4.991985239094584,1211.4303928286954,686.4778765095908,26.39897883004348,0.1340699756515342,0.1295758261843292
19.02653100409147,1118.4650353177062,1474.0376409042494,134.24655904221223,0.3227203081889561,0.4459899304957952
26.68188827913821,1622.625575084595,449.4210223622883,748.7367328725353,0.5182835258348064,0.6496426236844246
0.2775163150917032,1791.4076939817326,36841.16510526469,0.0867117560763767,0.0034710575997918,0.0072460589093307
1.0074150876466657,1468.073593832704,37890.851241807126,0.4157339197644706,0.0131997282708838,0.0261798420653311
0.3892055784612968,1670.6463265435873,48621.83968037699,0.1099064569844302,0.0057047435172052,0.0101672146401383
5.028516985478277,1244.529312107716,3381.445016779135,12.297450082260193,0.10951019139594,0.1323124900371001
0.1440084536403742,1642.2377456025015,75829.76756555177,0.01875385970528,0.0018279157775464,0.0036761767570569
12.797684442795951,1189.5662764754,2590.5902410808217,55.95226113691019,0.2153130662892304,0.3241245381464864
28.586828569854823,1447.627953997683,297.93961840549,890.754232727218,0.6301465251175445,0.6877525890134497
7.200335527582578,1328.598921599748,5074.9423254926605,19.7458264033824,0.123976589959457,0.1811280825930716
1.63437657312801,1233.9580937707906,20008.97713978212,0.8828067019950905,0.0353939264841769,0.0442040049760467
8.506852370617846,1222.3748434931908,1252.8606776897252,46.27063852354132,0.227535214097511,0.2137987746762096
8.114971054538882,1621.8022205720536,849.0385994238111,83.29570724192091,0.1832271435035175,0.2018058227895012
20.630087743882584,1165.479289976687,1800.716055337639,141.80959960611403,0.4237079665589748,0.5064366170106396
1.9995418014193629,1048.1061388164449,2849.893862354983,2.7081734866129707,0.047404580310184,0.0492167913730694
1.0380581207024748,1654.7778199300772,32529.089129836284,0.5857387563887946,0.0184488745795767,0.027310570229093
16.82355692689119,1163.930245819607,1146.2151094744768,136.45029611531797,0.3526547930934925,0.3908074780247965
18.44450798241624,1247.0306883145686,802.0386826488639,189.326168007552,0.4030804580927916,0.4727663821845033
17.69312629982567,1006.0346821745457,1101.253906343131,111.74019136885836,0.4237724272658233,0.4573372570898417
33.36797849269617,1004.2249881023088,278.4398441221429,752.3792587138694,0.6982803958437784,0.7488273886957464
20.15042562820659,1099.0982102199189,547.6878431790951,241.67796916545143,0.4663555617550207,0.4654619357282121
0.2876483586796562,1854.0944541141764,38260.17691868607,0.0930562373000764,0.0028292714389919,0.0076323517661508
6.7064936518891685,1278.4164214319862,3930.729381264476,18.007236947193906,0.1332066068764829,0.1794569696593288
0.3660480513375228,1806.3351361703164,17662.03199758099,0.191441908119008,0.0064928746469295,0.0097836532644484
2.65939279194459,1259.369526788891,11828.190471458936,2.5368485219463333,0.0531421360148058,0.0700162085520241
2.9135105315801737,1215.0780895376129,1082.1640152595571,9.735398457505385,0.0643178578452561,0.0714058693115031
3.967530972051089,1148.5012990878552,2625.169177313532,9.08742079669794,0.0981707892453848,0.0995655507866432
1.2050017460937008,1228.0004506579685,9758.503320779946,0.7745539727362333,0.0248127490414895,0.0329978524719886
31.926920370006748,1493.561248690697,481.3221481886014,914.4492021416733,0.6146765665942475,0.7447722725510941
0.4016198406919402,1719.432192729473,61436.02890475799,0.1063815365969186,0.0063932162580361,0.0107093813411586
16.49274365102956,2088.049701047349,154.81479719668772,997.5375895087788,0.2623018389950938,0.4167687208711308
36.86732120280933,1327.564258401492,665.4037875096006,837.3130792705871,0.6124554975445429,0.8116909410543541
0.968226117753223,1606.792241451791,7538.767523018058,1.065475655862556,0.0137205956520513,0.0246095167921041
3.26697724292012,1721.2296266072483,7325.172387791759,7.698114110473004,0.0603903987755985,0.083644545430312
7.035821507050096,1836.7491509287408,2731.643332758218,45.144739609315856,0.1417330897232897,0.1819912260793732
0.1832478074856904,1696.7293504145357,177855.47294459422,0.0196816214426203,0.0020845256369716,0.0045855257675347
2.0828879980677715,1491.7709149503446,1207.3730920459384,7.271517132882406,0.0361601467994201,0.0535692549550742
42.89245550306769,902.4059731079892,534.264919952846,798.5178994266975,0.9800090491799752,0.9397670807615968
38.0114285667436,989.793614732407,279.60234001654686,1572.0888629506703,0.776576648229915,0.826697463959547
2.4770004188337147,1346.2931046281162,3468.510807036645,4.561825714512091,0.0504893644356496,0.0666020524743879
20.82958073127937,1291.1012105836692,495.6647155473383,325.3313897990961,0.4653966487605346,0.5042627392908123
0.5856156923083048,1573.051746407166,16415.979168131973,0.2992163760193005,0.0059752924006569,0.0156608548759705
11.357439217566451,918.291912975758,1801.2600102645565,40.9206082982027,0.2761441435119993,0.2765045198740639
0.815457785354452,1746.5776630963169,1782.303693859896,1.708724420631746,0.0085427705301262,0.0226383323376922
0.1582561830933947,1722.7508298597647,68902.12975072894,0.0240439936698368,0.0019247420965653,0.004179388001097
2.264182592269815,1282.5438277327794,1289.2408505533976,6.178950407501124,0.037706705368139,0.0586536302718946
7.508231447583681,1539.871297728351,596.8117528491513,75.95168056147634,0.1257644012702257,0.1919198853877338
12.068985764059926,1024.502165568195,373.3794790785908,117.87467585666792,0.3185446747262478,0.2855893364895941
2.288973406987324,1620.9750591843908,2566.715375459946,6.961336543062866,0.0500941113793726,0.0579856452791605
25.36589830330773,1572.6325531280793,704.5312706038347,511.64944705259416,0.4264295104326424,0.6172564005911791
11.392032546786623,1454.6498752329676,1072.9799214767802,94.96152688919668,0.1733489252271174,0.29704491687857
13.110305788352276,1378.3127476936386,1900.9531331416024,81.62597624117069,0.2261194750503144,0.3438475248115175
1.0261919890414186,1583.8559738107997,42474.68921641749,0.4433095434911319,0.014185069287369,0.0276318232824726
41.8742926171506,1014.8005413230196,752.1640827165185,563.7449201030829,0.911948073254046,1.0048555866004247
39.16420594426194,847.0226657405682,349.53974293892566,691.7448689972849,0.7892448359902773,0.9016494032502947
1.314536515268633,1562.7643119468569,5509.668609441054,1.84085256180412,0.0241049889636764,0.0343898107574627
10.814515570234036,1143.6796618016926,1772.3176289853554,51.67335120450527,0.2022433893536842,0.2618362052805651
23.790546042528764,1252.721231471212,399.80181564134506,436.0433067564429,0.3689876070871728,0.5496276539252423
2.30197688936786,1239.660918340981,1729.1206953307726,5.320150808678597,0.0497264463741546,0.0591580310315491
2.871757888191019,1042.716660063366,2884.589420768792,4.681725677313608,0.0709102331071031,0.0703461449549299
20.450369019766143,1286.606724496438,2153.060089700188,146.15756420491604,0.3590493895471996,0.5046988625823418
7.626334856135793,1209.4856146464194,5588.422437152553,18.4215572490154,0.1995842610717081,0.1908869298713081
1.5988898876918562,1375.8384407567962,14489.878134045774,1.2866081889693417,0.0317453439578814,0.0402545426928906
1.3943305741238712,1390.4226643225738,2309.279892399191,2.480123315444423,0.0253487895394617,0.0370654986546212
5.191999769369515,1237.6246984016009,1956.904464380823,16.843131222604185,0.1184132892309956,0.1366037533251943
10.04250901443483,1562.8284768120632,1946.2899911022268,68.82408192480769,0.1804697663285008,0.2543521906779429
0.9454121656843014,1914.3365495643225,15810.926244991826,0.8685563488866725,0.0094025483811742,0.0259855169916721
0.2157766967730102,1667.1248776622656,147672.4674957766,0.0252841941174032,0.0027070396310834,0.0056255924299191
0.6078396858777572,1672.4444651407732,19415.52458099028,0.3490786146980812,0.0101768538302072,0.0157908296230664
1.9228112232460008,1422.1581566475145,2255.754644953728,4.143838047514572,0.0418661314284344,0.0525818855848252
32.63677818324942,1396.0313560740246,590.8846379430622,746.5272333707753,0.6237178422497591,0.7453500096978142
30.037634281600123,1072.3729122128077,1058.150103617451,291.4663144954532,0.6741096278746052,0.7486233518532465
6.51307511456218,1175.901411195285,2566.3776942156933,19.35592860319015,0.158301177180379,0.1715087838188174
11.00896122114322,1169.5627041165485,3527.984255364076,39.127861945097806,0.2530184695772201,0.2697131655900855
2.085761013540237,2146.825830624633,7264.92752231122,6.280911771692212,0.0333969214560073,0.0544776891137211
11.361003909568026,1084.3550673420584,1856.6866705185028,48.65527945655886,0.2763572647396078,0.2909627611017805
0.2183788697521501,1942.3636286212704,18100.18177182039,0.0934353921417338,0.0021198562996205,0.0059929323881533
12.314302844889257,964.4107115038404,3663.136174436858,32.629812928815106,0.3089562159177251,0.325059539503132
1.7962417396981605,1277.1975097796285,14216.855264148366,1.3468592902428598,0.0311023500986673,0.0455998047610726
9.593546009327744,1187.8583678054815,4129.719453734037,28.8329159571384,0.1921761475462815,0.2420571379286643
43.02850540073666,1084.6623425993998,838.3176968112246,622.3601840536907,0.8431958046772158,1.0165745622273392
7.319493014414522,1028.002764632993,398.23772146501705,48.79927405528886,0.1910126350780146,0.190687067860829
3.359659356947442,1328.5838692876357,2584.7453182477097,8.029928674229827,0.0514833232018692,0.0904662255745002
0.0316315788188544,2392.7703693645744,178553.00755449326,0.0033964675090031,0.0002420934870016,0.0008345884608069
8.989981485815276,994.922819253446,897.0732752895129,44.49796334385192,0.2240073060235589,0.2225451477301058
0.5132914555792086,1763.490809119519,7192.643719095323,0.4565994452177073,0.0082262883020353,0.0140578978480958
0.2700990362570936,2245.223434497456,7556.988807733404,0.2870030925227925,0.0039108284495828,0.0075487577582192
0.0833186684910189,2130.2428260665574,117512.9072161303,0.0126335430037376,0.0009668471230769,0.0021538997973314
0.1122078535898805,1659.7975106793508,41527.99807470056,0.0180624922658176,0.0014561716806557,0.0028043378516351
1.8019143769900716,1608.0299221747136,17223.11805076241,1.6890386625826408,0.0337566786910369,0.048820883178004
0.498357515555025,2016.1014404744285,11937.930617689964,0.5054079106328988,0.0059407150339487,0.012722413752033
10.116554469265637,1239.0971491983903,1231.9976830203354,60.15978202907331,0.1673326134165917,0.2546849039447232
13.480873505346665,1243.3586906065634,507.7109662816893,143.60449141293105,0.1818152088105036,0.3409043376683906
0.2051953258506532,1986.578588939779,66678.72282838251,0.0507441208387965,0.0026501292657809,0.0054491389988653
42.41375536641814,947.0535579510446,739.3850143372966,544.1300820263953,0.9370763677464778,0.9881916950444416
5.205907633190945,1643.9652477997406,2729.588676496772,21.85948736955388,0.1014398039920433,0.13982798644747
5.215304017477798,1312.8169057744649,5798.558581669284,11.214208019153734,0.1057173136116755,0.1314437302978556
5.715248979545351,1426.74116964471,2515.2056378394027,22.19424942759595,0.148750207862455,0.1470988707454797
38.73582152716382,1368.3576090995948,688.8871245648577,791.1979598418527,0.5337212211747807,0.9408296917780704
0.0383982889828577,2337.867575023296,146030.18106833444,0.0047971455348516,0.0003556121357806,0.0010045160238851
5.522787390791221,1890.4345965152563,4131.444599012376,26.539006327138047,0.1047710327452468,0.1442380130118398
4.353209990027528,1512.6464484181588,1315.1259026365096,22.27203339809807,0.0635106622002711,0.1081314695550408
28.3858556891857,889.2682960638809,522.5434513362603,315.0951218584039,0.6313849963144914,0.647880578473538
21.2827213565814,1523.3611945094813,728.0532967185461,395.6286280303144,0.444103021603957,0.4870572038491541
11.916679024785536,1335.65185179412,4096.158347633478,45.97084597280952,0.1797445442325983,0.3098343424042825
14.824589661515992,1175.615144919375,1336.2977704673187,98.65158253078906,0.2552655398043798,0.3646017842979665
1.0159823414936375,1424.0652506209815,12299.34147605136,0.6660376499354471,0.0182413012696428,0.0280834368653355
16.284201136985455,1110.8284594561198,2664.175637920165,71.78485213123088,0.3152422771171683,0.4203277077608404
4.830290040277088,1486.4442594888576,6963.13172515229,10.52101456553217,0.0994200975841649,0.1282365226508592
14.55146466613059,941.879907409895,626.9593781773176,101.316590836133,0.3435463238321916,0.3686433478363124
9.453700781086129,1298.95916226499,2456.4352797774363,40.72876595721287,0.2061910543528164,0.246097577312994
0.9414388822857268,1471.69243203191,23459.63797397071,0.5060955756010598,0.0184907987354914,0.0238762807092614
0.3204255134019161,1723.6696900509764,18899.178325280267,0.1369974923391667,0.003480226405303,0.0083955751635209
1.6781760136499042,1483.935716252837,20761.37533643879,1.2762929675502663,0.0242351115150693,0.0426391048469218
31.219906355814217,975.3635694691023,1278.7616467135526,250.8765323122172,0.6776998411638918,0.7612361520552465
0.7574023288731563,1381.38077023119,57025.56461462277,0.193915005730487,0.0132458898642149,0.0202732474388278
5.806430987098727,1500.548813976685,3205.1761941563177,22.30951989590443,0.136824371274126,0.1463612669680438
40.27031514050437,770.2000800189069,340.00823135662944,715.4446486258181,0.9089885926225229,0.9222270019781572
3.882495645428981,1538.5577304197402,8027.228857128381,7.582516925756702,0.0549434118615269,0.0994113078138452
2.5017414299532144,1684.4881218748008,10967.690467144368,3.592551283011352,0.0300982164619482,0.0683415740741599
1.2207076167255224,1393.852933976864,11329.631655631534,0.9860243524009704,0.0224045277110406,0.0306596768376064
28.59684676305238,1038.4161741134185,980.893544570304,264.42170078012214,0.5832793502624921,0.7172369594444002
8.351780992625109,1043.6374643567417,1316.2795008385986,33.20603627988833,0.2038153471242489,0.2203815468614669
2.688015039383437,1589.086433491528,994.3850044055802,13.182875095011488,0.0481258342712072,0.0689021135025395
24.8710873256222,1681.89862700134,507.0507109235738,672.4430979681613,0.4620502738075505,0.6070136754882324
1.4935370255865668,1089.1071793327965,2264.2041649537505,2.035015769732372,0.0327263064794164,0.0371668374145911
33.866945440398645,1547.452632930649,521.1191091614995,1105.4145182250204,0.5022801090762887,0.7662194734424252
15.433519737753658,1058.9514892675752,1837.743093433116,75.59722388943234,0.3603529220602628,0.3960290199200032
1.4734854086170228,1364.2637225614744,2835.710358207017,2.393907241997192,0.023518043354965,0.038361402602396
14.324404276360662,959.1368966584836,2533.6867674709406,49.46114720554675,0.336864741734409,0.3734332828133476
27.242677372458303,1779.0925079723245,888.5598001850818,617.5087605746794,0.3728942092323903,0.6872564603705553
14.228239919363835,1055.147578535228,195.23665605201936,209.5958687669782,0.3536287160857484,0.3513980163333708
1.6676255423850186,1308.2915580112517,14444.092232093017,1.2444035334415486,0.0337045072892459,0.042593166608701
18.58146196727719,1097.3867301155065,354.3676392622307,237.24409007482893,0.3728852255102831,0.4774926582643714
7.03367821353309,1199.7891063739764,7609.116961567665,13.19687217209165,0.1324024641944203,0.1801008129119521
2.489043663345859,1727.4535669962197,10270.093180603111,3.9055640513161,0.0373736434499575,0.0681554984733524
8.004935749499898,1126.267560374274,6413.009541008598,16.394685351138474,0.190200941316588,0.2024391650307772
0.8050600943035322,1811.8265347900185,15445.157533977314,0.6454703695745239,0.0107219727491241,0.0218810361097306
11.944512560343542,1204.3764653244657,2331.5090846592766,56.10598454873644,0.1961544166640368,0.2902884858528582
33.972514834298025,1125.8342269090742,376.2954442757485,649.0872190760365,0.6387146417099792,0.8243911054137467
20.652652455496163,1508.7839825476474,1573.4690060783796,230.48796513995865,0.3940613104592975,0.5044033432380879
0.3102034482422086,2073.458301853429,22777.969965356555,0.1672495443812246,0.0043289460610178,0.0085807558948815
3.571088172340167,1083.0086087979369,1569.3352571111243,8.956638231584057,0.0839684896519221,0.0912947144781401
13.150571701363209,1152.5213467299875,2384.908329405619,58.57462083376052,0.2516528126160585,0.3325539020238949
0.0620923623404868,2094.1553402082063,57922.96315665258,0.0107477724578131,0.0008045515618353,0.0016192730983885
7.318180625761647,1525.7721182298149,3342.428642367815,33.08399296234547,0.1314191070632992,0.1765877044599239
12.20537393104564,1303.8288065672507,371.1775004243498,170.21589146226603,0.2617693227523132,0.2893075519781156
5.493706172499942,1195.1616760408556,1582.46184019002,20.656340939733575,0.1367566247426816,0.1358276565602584
38.27003012901274,1113.8996589236474,392.7566151649672,1186.0444082664064,0.7719636007577837,0.8373957470983854
0.2148546619588663,1824.8497558315337,117490.63965552305,0.0320557206839856,0.0030674539482907,0.0058761874429903
18.10534043892404,912.1877664972512,538.8870131262172,150.32281975208787,0.4122409530184263,0.4451340346288587
0.6666131020243393,1549.7937960958334,14386.057409656154,0.377507616110918,0.0089124913061912,0.0180460923531596
4.170449652749404,1208.07031051106,2454.9972260869768,11.25312214518384,0.0966959706412451,0.101187315790724
33.35280088100811,904.1373837901016,239.69068924436849,717.6708901420444,0.7807417109139617,0.7588464307451384
21.86275369526013,1411.4323275002446,257.51317391733005,518.9212997462698,0.3370107748523587,0.5542483512595322
28.26962135582889,1320.65881881491,280.666895242963,773.8303531413394,0.5484139675363503,0.651915927271666
13.040467413758202,836.8319953831306,276.4113532832643,112.35959844653836,0.341925284626011,0.3228962537288282
4.0207154313074485,1870.765650416112,5550.05171078436,14.263239810819238,0.0469707854422767,0.1006541491572844
4.31478547238957,1695.2218532879497,3528.5500963415657,15.890122065361927,0.0952996879248803,0.1136711338790866
0.4091474340762314,1627.5219176835374,49610.8699896828,0.1069703070813195,0.0049988763774699,0.0109420016077984
8.171050642765543,1267.7751813295642,440.4614558502636,77.70924352936669,0.1379870685499809,0.1981614328377181
0.2238362100557788,1937.2810887136995,91985.72077941024,0.0470848907260162,0.002212274679944,0.0058247616470081
30.21148363913016,1144.4309103865055,247.1671414637413,796.3875845328474,0.6533680608869598,0.6877727003677971
8.861277350680954,1401.6938735283547,1948.32100533718,49.87314450560086,0.154399589542609,0.213822391772102
4.101296063706311,1489.52182217553,9403.75675680983,7.361075953191225,0.0883717108388679,0.1058812992068006
39.52605770907691,1020.5614441731476,754.2211533613886,537.8170906243254,0.7161867580467631,0.8944194332042749
6.582721367947254,1409.9327458598316,2650.395852410036,24.70158654795758,0.1197022364957702,0.1750885093635412
35.898626127626265,1421.26835468959,478.46724247953296,987.0191780650966,0.499945279396843,0.8352478865585878
35.592388383615585,1141.5264059643343,224.98622188867336,1956.9715044528104,0.7898291683731915,0.81213156386228
30.15765455915749,1537.2661893465613,287.8563762052739,1269.149934124425,0.5702510717513268,0.718099750149206
0.3849301163336551,1570.741010376938,14215.160043724702,0.1721917257414735,0.0056060450480267,0.0102768819781547
0.87811715587456,1588.7759476739886,16477.02502829526,0.5999229057090443,0.014156729609771,0.0227537055944381
19.25644279743756,1293.153723182915,478.5837499696614,294.34840068571646,0.4643712828672438,0.468612773460703
28.807737254537216,992.2680183294626,723.5898605826318,305.6434156949563,0.5321209516034425,0.6814710108168537
1.0658190902997935,1409.4488985899052,27309.03970804964,0.5098907921954796,0.0203142774747175,0.0275875238601577
0.2225643875260003,1666.6659095286473,173843.7401200214,0.0236274227799025,0.0032763080226817,0.0059760921841703
0.6261971594003967,1686.0750245233578,37551.769125017534,0.2386138353350791,0.0063782531023496,0.0172714971302968
0.2367954410051975,1709.3993105873772,55459.00728361334,0.0495807380010665,0.0031825342773023,0.006239818829794
25.51663431495157,1544.6111011866294,918.8251675095264,489.9600507163016,0.487923434126739,0.5788704336786022
15.382697330547268,1136.8745257493028,1874.425148648972,80.81100765445348,0.3155620599027175,0.3995111819101484
0.5159099197791436,1512.9323816031815,14701.36245664828,0.2400700092973261,0.00863523602484,0.0141464449555425
0.3715800212749986,1713.1589881487057,22630.78048968528,0.1595488536612604,0.0033611849553903,0.0094733103963173
0.1103670841618387,1669.2666176100097,64911.35342659433,0.0133656329545834,0.0014998021338383,0.0029032478421395
20.532770757145624,1245.9081929588003,446.4229008593078,332.17982121267687,0.4108540066148298,0.4719628965724066
25.877814357490934,1213.625793459889,897.7610345811249,306.7127047577855,0.5109577430864015,0.6263561051221097
2.0403631140908622,1473.8392380121968,1614.4760711464803,6.224122049556181,0.0452485452908167,0.0516082914572938
30.88558775229258,1256.234213950435,128.92037199667192,2708.8598740761795,0.7425814784001087,0.714338353702341
23.96827706364516,1177.677897670512,339.6664024222942,419.2352888388138,0.4996724733876685,0.5845651418853173
7.726643716937753,1068.4034263337437,983.0980746301047,37.08625856920056,0.1966223251444098,0.1926776673517317
9.282009952381657,1313.7053248666396,311.8005021283604,112.17118834426776,0.1767067197141466,0.2391587048141608
10.573577691859771,1337.746200608668,588.3804962626575,105.4137092295408,0.2462874996510432,0.2695981899930656
2.8481805512776925,1297.742968521342,830.1678054063447,11.16339307010569,0.0547939527495703,0.0736990202424663
4.3763119934185895,1382.1759839258882,4771.74773267139,10.002472823114472,0.1090246086466836,0.1148034672889678
1.3598867082020805,1413.3785678499169,1242.9025512617116,3.178050059897071,0.0153824411874137,0.0369066114439712
0.4174306439145964,1429.7528543945211,126004.71645772737,0.055672048717442,0.0064804148057168,0.0109939907545978
6.059040340357963,1109.228235548528,544.5130533027677,34.01029835398174,0.1616608578569614,0.1623145811748461
0.3580858947381796,1822.125714829016,93586.9481002594,0.0776842451721414,0.004144855780901,0.0097293218049409
0.9832673603590472,1431.7629688246332,4740.058777736344,1.1086250803272153,0.0119148290152046,0.0249150757003922
3.6407148492346666,1214.5376164624688,923.0566106596352,14.711702954830702,0.0937612011125201,0.0905371473334058
2.163429058511759,1435.42060532781,10766.604587391765,2.3345837219344485,0.038596455032907,0.0580849922140862
9.051919199267402,1142.284410225546,754.7206991353931,57.72785976424066,0.2482357069609954,0.2338388997624215
0.1973059550838933,1620.4852172902563,38448.52133953202,0.039510296588781,0.0030387073470451,0.0052922791808875
23.81248141308706,923.8282037207732,890.1140000934772,177.67826198105192,0.5310445279986316,0.6026022372172594
0.2777104636107513,1653.6871830214147,86873.45074136258,0.0473863750449813,0.0035013403813308,0.0072735154252706
0.5205812894562494,1833.4036605778972,6744.3086137281225,0.5387515054058372,0.008564047243995,0.0139784658001719
21.117838331592743,956.4139209871212,998.3885731667688,149.27735242062408,0.4800929963608075,0.5203358701811118
23.79320863221232,1731.6360101286173,471.6274610735568,713.1855344943689,0.2661993401880103,0.5580013262361512
6.365446949598739,1131.4559061009195,4536.608705029205,13.80215467115614,0.1537817683318453,0.161293987011781
0.2032991041997296,1898.5405371910208,35908.573304672675,0.0557951375434286,0.0019313664314254,0.0056252541749987
3.9477944946129218,1200.9632591541183,603.74104506006,19.157614395786823,0.0751183747044807,0.1016559935644689
1.87926951875392,1660.74906310379,10401.309147370312,2.6176624632278496,0.0330324471316338,0.0482875645123859
0.282047371165589,1699.3173945979229,140206.80583832975,0.0390307568186103,0.003563282184982,0.007588324590333
0.9378903137343462,1724.4843230629288,42079.49712353946,0.4415162259894123,0.0112495501269036,0.0256027060356022
25.399896167356037,1673.350656734517,143.22320393278167,2143.7569438567643,0.5429600376245219,0.5895012813609388
3.5888636684683948,1094.4515190533582,2203.63100303952,7.490104731771878,0.0863305025332954,0.0955110672233715
0.2559632992340359,1720.446950283594,148090.1258212315,0.0347707687529455,0.0027004539719516,0.0066815914745402
0.6089248046270112,1673.1094698821096,55534.90939432166,0.1873262131287947,0.0086412973336494,0.0169032336058775
6.7281802141870735,1276.905192182227,6725.8523123735,15.102593211883764,0.1719529937563103,0.168016588977483
44.35368832924012,788.4093792190392,540.4485783680402,698.4022080728158,0.9547327985726566,0.9532654204006622
2.493321615163648,1336.1129415988623,2686.7598893284344,5.306196679592389,0.0541655494100392,0.0656117203945583
32.39819393278667,894.5822188295211,255.8789610845672,570.5529712316412,0.786334836162938,0.7650517552776093
13.21766167113427,1763.38758236579,1466.506746630024,161.0969906912252,0.2569012301682482,0.3230228975505253
6.757659833258206,1737.1445164956156,466.71250346025136,88.12606972427807,0.1151710770514162,0.1769573203569141
1.9279494193636637,1408.573273056496,11255.310879454282,1.9066875135332635,0.0401302624625991,0.0510812777021513
10.983952128500016,1019.098065581236,694.2107577715881,71.90178712498737,0.2448730320262741,0.2664372277916511
0.1782198789554217,1962.7231052569712,70376.54709704175,0.0385545904932106,0.0018168627878284,0.0046974056172136
2.236605233311175,1258.472139253522,7944.903697548711,2.391278582283228,0.0497732347563681,0.0588820987254352
4.384943245001209,1025.9021322577826,8831.556930601033,4.910144822705582,0.1069446679749544,0.1101009511207877
17.015840944759155,985.4714171897034,1485.2489790457082,91.08445196518204,0.3617268311694744,0.4190249948528973
2.9708232439199143,1250.462796346788,8065.244254352896,3.589443840952698,0.0715576396124849,0.0792217342069219
1.6868640562245976,1616.3998057308268,3047.244346258501,3.96424658382718,0.0367918667867547,0.0432617105512392
31.21131244303805,1175.0949822427074,541.0903121912856,560.642711147672,0.7154817031660926,0.6943461144595312
31.76402135457836,1454.89714464643,431.01824022161344,977.7844030718824,0.666210123221042,0.729453974017062
0.1110927140126722,2015.7230298069765,82844.57490516314,0.0171051961489359,0.00126145614484,0.003070789808539
3.806363376707581,1337.0642391958572,11011.560398751386,4.944661821493938,0.0899731381215273,0.101795927192741
0.4618151817911634,1426.530427745891,32662.304005749276,0.1354155158344192,0.0069320911766199,0.0115917131389993
0.0451975771176485,2128.7641138571303,17527.709529180996,0.0127047731305632,0.000362181214704,0.0011631005822175
2.3505561352270994,1887.8404713788489,1422.378450194371,13.305967268015406,0.0321674672784479,0.0579950265835
0.1418998600303689,1689.3021645571312,11215.95611754616,0.0467696454815979,0.0019228081935874,0.0038407492303826
10.970226716371265,1504.492885602553,2670.943686874905,70.46828250986168,0.2356876018013661,0.2569946551106738
0.8989522936723577,1563.8316289349568,19856.988890827,0.5197081869792943,0.0085182870127877,0.0237530833896637
12.80797717842226,1083.987047437472,3619.461266656033,41.27250381345761,0.2795055981657826,0.3321002516672178
6.105081138647599,1372.8700655074756,1601.414624171327,30.54143608447823,0.1316128818563768,0.1470081884162916
0.8365008883893452,1686.9655147932276,1526.3406898163105,2.000872563479956,0.0111144261845555,0.0216979628102345
0.3970514284768763,1446.723358504875,90623.80619299172,0.0649204262807103,0.0062226926637012,0.0101104220756437
0.8220546935763146,1473.1241418603802,4167.065568911362,0.9643956255967954,0.0084492545529433,0.0204015277021693
5.901968088974416,1050.384582902701,4519.368734348824,10.7151524675935,0.1375143221604529,0.1547255542055435
0.3136449683338035,1944.9620624777103,89508.22132353023,0.0816828702155115,0.0027629685854223,0.0080274388614107
5.393245369048973,2029.1779604878625,4055.7427519599087,27.83437645969858,0.0622636596479336,0.1442128163550713
32.38933549669729,1118.0900374430305,229.73672408769133,902.3391832417584,0.6584338353998915,0.7766665234108707
34.1345099134024,1393.5464850533567,394.3812558563648,1187.3477915019926,0.5283858607098181,0.7640517376956448
2.9400363040653468,1549.8322554846309,2226.5878285400654,10.002010947289271,0.0464178286342303,0.0730508396536872
29.7045043853084,1286.569888173285,622.8639209775766,508.57128615947175,0.6769776354736612,0.7164258484658589
17.744703084977665,1371.9699677712397,1486.700833735984,152.84972283190632,0.1906700148775161,0.4326136106159565
0.491801659767668,1741.5168841432544,76870.16870944409,0.130645606278576,0.0071811061464382,0.0131939983988371
0.6807020874725491,1445.1810273230976,10409.896145393646,0.411658757766008,0.0116928298855785,0.0183357246092035
29.47148734097125,1217.5095588088543,782.4387474187915,407.85581845412406,0.585957855916331,0.7095112209919737
2.515150389983535,1190.4423269408994,766.9445698131927,8.61208889821656,0.0673539084127122,0.0649579436167832
15.960495557625888,1596.4417944471352,482.4845861733658,298.0390474433156,0.2968171315051851,0.3975023755500873
2.163656493537671,1303.0358601159676,4615.455383555095,3.069859028583031,0.0390056308084454,0.0577727865399212
34.83892378533,1001.8763665185936,619.2174815084772,475.4980143306692,0.724920812644326,0.7878683437188452
42.26098925727331,903.6712194077782,422.0245072362727,881.3202419452333,0.8880351463387012,0.9768192124809388
28.629474781502484,1070.3235508641876,1202.15356771165,271.85754525616323,0.5588785046346623,0.6541802608755254
9.419024669486122,1123.902747419758,3396.6159970907297,27.83032021454856,0.2129560024934604,0.2458521745803157
7.643678315759727,1572.0799301376949,2439.0299482826867,41.34428551243533,0.1483199183351281,0.1932419074550939
10.127303022013106,1053.6162320131195,879.6796568162014,59.19102844282525,0.203662226901692,0.2438082268727395
15.12441256836691,1082.3402301904905,2841.6728144845824,62.10121792108096,0.3476178944494694,0.3795396777961314
12.992920991925294,925.089200345007,3591.651431684328,36.59326963549724,0.3139697024216564,0.3112883063171705
9.780128245396856,1401.6993303694746,3991.2936489189456,39.62725678374628,0.160234513921077,0.2403846200485349
16.145122597335668,1077.4408379143542,2317.2720018990003,76.85983339167093,0.3358635795691759,0.3942806678998912
25.550819351820703,1909.154498822368,836.93620435348,643.276411006106,0.3228926828287718,0.6597271660341976
28.61644642497924,1516.7042795039667,591.0047098316332,702.0613025943898,0.5483789609975874,0.654436415172977
1.469635404319817,1346.3037583309413,21482.744264626792,0.9081934517371124,0.031393320818593,0.0367730251910119
3.4630256978762874,1119.337349196091,507.05392686472135,15.988390967209067,0.0744044612564868,0.0863459551087242
29.408759895210903,1316.854259425833,1252.1665572457543,363.2533920482249,0.6811026454650554,0.7189428490198008
0.5981512396302179,1955.218672344919,10493.409141111291,0.6567424780006583,0.0089393001521832,0.0154247954779392
33.991129162905864,1069.2843068810307,462.6801156212666,570.3557664556885,0.7606712009007144,0.7929801767499999
0.1355315355461378,1729.5431839165904,72782.86634337115,0.0198876165463002,0.0017116883323643,0.0034392383016889
5.949439560111541,1426.0342241163733,5382.735621674373,15.44002631594767,0.1370885832741454,0.1583883453011111
23.503933721894757,1279.6717270668914,215.75270340475552,582.8246623380428,0.5687941873664626,0.5758064866260908
17.01308918300083,1261.4837730232946,1000.5064710191022,159.991109593986,0.3750829058074044,0.4161365127251921
19.585734389842173,1950.084764698146,1312.5742562008572,346.3146970625025,0.2002181512319422,0.5042744121326729
16.536871512366613,897.7860311849648,678.7552612128002,109.09530226091286,0.4011463608107304,0.4305316393164988
13.448510868911832,1259.6225244386064,1774.1562349382436,86.3545944799877,0.2586182031214556,0.3160628605351246
22.783594669845275,985.62178618248,315.6846727459847,320.8275276552051,0.5516868637278072,0.5430010224688412
7.3022838455924,1042.6050701230909,530.2838715475712,44.719669904177934,0.1529563475378031,0.1793178538455194
0.1909857962860465,1992.8356925964808,39872.45033157119,0.0535844681419602,0.0022052008698014,0.0053285508056464
0.3387413639139253,1707.0250927446218,56656.6903829213,0.0820478513631285,0.0035418209824156,0.0090468785086783
1.1930488541871922,1809.893553440658,3229.6796998789187,2.9249952166440725,0.0177801090941999,0.0296956639264749
0.3316139442537195,1998.8220435517796,32273.22321111657,0.1444847371904094,0.0037318907331207,0.008994398541502
6.429592998740489,1206.0268565957715,340.952853642981,53.60935248504696,0.1400138752296476,0.1676709636261749
5.140906584705922,1381.9791414160036,3435.1884497555207,15.816289381930115,0.1175875067570266,0.1278325458614289
14.495186322160375,967.5773385819851,980.4562079131472,88.54205485431604,0.327979011770147,0.3430444700608606
0.8274024073221224,1402.6759263246154,16153.284516154674,0.4582019358583061,0.0147179643827494,0.0208889404686381
8.659942085292004,1060.2072437810282,593.7389699976055,55.49636416247871,0.231657480839015,0.2193808483758927
4.466701304563891,1404.6593905294678,7323.573627819598,8.405375918395224,0.0899508643991517,0.117359856071416
2.256129081418728,1577.858319845052,17111.693100412092,2.3101978540398647,0.0364988029476818,0.0602818505212154
1.958609522415332,1293.3619359976392,6833.384796360754,2.2025238623334005,0.0364661634983406,0.051013673890791
10.793206336603214,1213.6513590219597,2308.921751434332,47.23605135402991,0.2529219546449716,0.2777226403593097
3.0252938707270163,1242.9799230360316,1985.6746671944225,7.860753558232621,0.0758375445058653,0.0754538886036653
40.08861407189836,978.9390744094836,734.3677029146871,527.9267363847888,0.8578458641445735,0.9149480591838264
2.2156575300614687,1129.4823209747385,1107.8987859460176,5.362428905901876,0.0559995034320495,0.0580465189662259
15.193102636369082,1538.0613433574715,1919.507500308144,120.44685437185107,0.2211293969350013,0.3973225781878183
5.194898105425491,1283.099317075523,838.7981023653407,26.91970555739083,0.1205986506834411,0.1373898111071945
1.0793520261561511,1422.6590438089938,4391.17542517255,1.3274579261932673,0.017259675334416,0.0274820307512353
0.0098499308148666,2433.1990795612173,705964.1575888752,0.0002804267357875,6.801568704316454e-05,0.000268273006798
25.842975485651,1817.84274327715,577.0388384398116,807.8634705143792,0.446909672340874,0.6288126308799626
2.764402595643704,1277.098561838211,16982.13918689036,2.297143818884809,0.0652082149272558,0.0734262974749557
2.270099827093821,1660.06640850987,938.4948862267346,11.614363114858197,0.0420922203110855,0.0575713502947066
20.4599885638926,1227.710943911905,2012.4983898110197,140.7685436183094,0.2771014504241291,0.4965427464623292
4.0453171239625005,1266.513997756742,4454.087790005718,8.47497059916667,0.0872114790340543,0.0993805949019511
4.342749682138902,1157.446953653788,6524.271177038516,6.4180333215652725,0.0993368654924434,0.1138397500241042
33.06563557916508,1063.0202022819226,1072.2656798898536,351.73818028834773,0.5883105702495035,0.7646223876397245
10.703282505323044,1285.0418444987465,753.0503460414162,90.41122187581044,0.1832698086815525,0.2644293348561689
29.377651566281312,1055.795119828499,196.39478314242533,666.9637207464662,0.6298652593878497,0.7170820347192594
0.2052158770763025,2002.225109603328,70844.42182323303,0.0548160925468502,0.0025598891373267,0.0052244703241893
12.711559665259507,1091.2142086294918,3634.0101585037546,43.43497725282533,0.2752697622211869,0.3099450017748171
0.25615067932356,1838.3182829677107,31619.249194673448,0.0805501475047147,0.0027603274843643,0.0070286946192576
1.98952733680166,1555.255826166121,6110.709222627133,3.195186634480048,0.0308095842851464,0.0519640987884448
2.335921065863685,1347.1795385103353,4336.360939581234,4.023764188532248,0.0467011205838615,0.0586021924210854
38.980325823082296,973.04409541369,460.5996161011509,699.5603866101751,0.9198500616946278,0.900668731248428
2.939904192314642,1062.717537482816,18371.010830645253,1.969327969660806,0.0710609998695556,0.0726941720099267
41.10303056102987,860.4095542739152,466.7123140887468,678.188489711683,0.9018675135982392,0.919196413267462
32.13895267044644,1105.5456922545068,319.70657076844986,776.5758038561993,0.7095634798348791,0.7013333958355755
0.2988351373915273,1677.0929152830977,32290.519330015115,0.0874140966967756,0.0036973563781833,0.0079742537045074
28.15400905171667,1246.1138728164633,175.64547290332922,1159.885830929506,0.6563343822429956,0.6227210514784103
11.021981389786015,1243.4369498170206,868.8599470339839,82.1814108058882,0.2570956788686674,0.2832161772027164
33.72174130896599,984.083240636374,205.0175481559388,1090.0137207088117,0.72006863859294,0.7689989841157542
16.21179790784379,877.8385264464007,380.6566115604459,137.3131548825234,0.4241727574251303,0.4228494896207212
1.3127267977220771,1433.2501383490437,7986.846070778788,1.3526669780552183,0.0287493237391502,0.0337826453009174
11.20689458433366,1125.7466623085031,895.5166389356642,75.04670835803752,0.1950216250556593,0.2694128023614281
7.476318334376927,1901.9007110345676,1568.4782847569004,70.02042665506536,0.14568441802458,0.1932891336427967
3.323227526545309,1192.0776210808392,4491.760310899856,5.527566871779563,0.0693536446193862,0.0839991742395941
34.49981557456998,1298.2677564186563,775.3212855676388,593.7785876489078,0.66468834149345,0.8200019075107469
14.189010518005,1280.9850718222897,1959.0837054581268,83.2586725698271,0.1759178953176659,0.3557143920563104
3.846271432867285,1090.116122029787,11575.13678983513,3.823595371228533,0.0942341936849116,0.0968961364574058
