response_fn_50,response_fn_51,response_fn_52,response_fn_53,response_fn_54,response_fn_55,response_fn_56,response_fn_57,response_fn_58,response_fn_59,response_fn_60
Viscosity at vent [Pa s],Fraz. crystal 1 at vent,Fraz. crystal 2 at vent,Fraz. crystal 3 at vent,Total cry. fract. at vent [wt.],Gas_1 exs. fraction at vent [vol.],Gas_1 exs. fraction at vent [vol.],Dissolved gas_1 fraction at vent [wt.],Dissolved gas_2 fraction at vent [wt.],Fluid breakup flag at vent,Filament breakup diameter at vent
286743.914046,0.276321184653,0.0,0.0,0.276321184653,0.754894160158,0.122764911388,0.00126728289235,1.9153725595e-07,0.0,0.0
6001.71095695,0.165442133233,0.0,0.0,0.165442133233,0.707103985098,0.197030831314,0.00484360249049,5.23902800923e-06,0.0,0.0
763248.271082,0.358469040337,0.0,0.0,0.358469040337,0.527572966829,0.0788938293349,0.000753017244087,5.95745118725e-08,0.0,0.0
462308.292347,0.336066073186,0.0,0.0,0.336066073186,0.538592722655,0.126062630497,0.000727039460741,8.9758801263e-08,0.0,0.0
583126.007647,0.308524424697,0.0,0.0,0.308524424697,0.556733068477,0.27161458133,0.000684633344773,1.75290468347e-07,0.0,0.0
65299.9652863,0.254176791077,0.0,0.0,0.254176791077,0.578707212454,0.288458731097,0.000737056797297,2.09861831091e-07,0.0,0.0
17414.252508,0.190812238956,0.0,0.0,0.190812238956,0.509452440679,0.346833325228,0.00070705974212,2.70956940967e-07,0.0,0.0
2813.21673981,0.0987301649753,0.0,0.0,0.0987301649753,0.800118284303,0.100011108954,0.00401059179492,1.50667049007e-06,0.0,0.0
567585.141907,0.338543636737,0.0,0.0,0.338543636737,0.57136330482,0.105195515323,0.00074260339312,7.24141003551e-08,0.0,0.0
10050.2842083,0.192396597564,0.0,0.0,0.192396597564,0.404512645956,0.45970552434,0.00202459686118,4.00262266487e-06,0.0,0.0
1376259.90881,0.345718475922,0.0,0.0,0.345718475922,0.509257598195,0.28027807382,0.000653842609028,1.81290006949e-07,0.0,0.0
702831.280981,0.363635430477,0.0,0.0,0.363635430477,0.342668168222,0.106428505221,0.00070222609642,1.13303025877e-07,0.0,0.0
8228.07559539,0.181051239808,0.0,0.0,0.181051239808,0.823259392561,0.0668467698912,0.00469664406694,1.30780795251e-06,0.0,0.0
125916.731307,0.26908923404,0.0,0.0,0.26908923404,0.630217715454,0.167173093041,0.000732254056893,1.04319352592e-07,0.0,0.0
117030.180582,0.273415894797,0.0,0.0,0.273415894797,0.761273215417,0.0296373382557,0.00082513193542,1.69619121467e-08,0.0,0.0
163174.324184,0.305543253393,0.0,0.0,0.305543253393,0.286821175926,0.443247754954,0.00049628011659,3.12730871636e-07,0.0,0.0
46734.0422576,0.215497372417,0.0,0.0,0.215497372417,0.668293821986,0.234349801835,0.00141522568731,5.47824111459e-07,0.0,0.0
49780.4941986,0.234176092222,0.0,0.0,0.234176092222,0.660098106452,0.241817700028,0.00139923892828,5.61082800009e-07,0.0,0.0
5281.40317679,0.169097493757,0.0,0.0,0.169097493757,0.662976243886,0.208099911564,0.00362903483603,3.304036051e-06,0.0,0.0
6378.40888964,0.183256527004,0.0,0.0,0.183256527004,0.63343441483,0.234744296049,0.00388089626568,4.53141311007e-06,0.0,0.0
2300349.78888,0.373069054463,0.0,0.0,0.373069054463,0.47466229926,0.199150331981,0.000675287902062,1.44530676631e-07,0.0,0.0
11559.8693495,0.231291616595,0.0,0.0,0.231291616595,0.609903883247,0.137492578833,0.0020576327548,7.26716816644e-07,0.0,0.0
73187.2574471,0.261078558301,0.0,0.0,0.261078558301,0.462384112619,0.345374624851,0.000614179328504,2.21722379079e-07,0.0,0.0
31949.4628044,0.239631100248,0.0,0.0,0.239631100248,0.587443412767,0.308628685137,0.00261938049595,2.95600627024e-06,0.0,0.0
683353.335187,0.311854776351,0.0,0.0,0.311854776351,0.726989692389,0.0720289442553,0.00079562366841,4.29149746087e-08,0.0,0.0
10726.7170043,0.221531389658,0.0,0.0,0.221531389658,0.526809750965,0.27118254637,0.00262046254719,2.89247869913e-06,0.0,0.0
98000.0800616,0.260885359335,0.0,0.0,0.260885359335,0.86065589543,0.0240284364491,0.00152091204983,4.18934092851e-08,0.0,0.0
39812.0462294,0.261504453334,0.0,0.0,0.261504453334,0.616489189585,0.122681563673,0.000742371185177,7.87083881126e-08,0.0,0.0
6548.03696878,0.16555663866,0.0,0.0,0.16555663866,0.683520804716,0.222132886307,0.00340188248391,3.00792477232e-06,0.0,0.0
2965.03618098,0.096841243029,0.0,0.0,0.096841243029,0.647798108997,0.26476442076,0.00418108829358,5.85076696732e-06,0.0,0.0
3772.59116381,0.127979664213,0.0,0.0,0.127979664213,0.800002490513,0.0998091714889,0.00487552157522,2.23811739307e-06,0.0,0.0
683873.348872,0.311533875614,0.0,0.0,0.311533875614,0.486247793255,0.339629393061,0.000637268898113,2.22689098112e-07,0.0,0.0
30611.7383871,0.210272476253,0.0,0.0,0.210272476253,0.667370480227,0.188881646058,0.000814624748047,1.40773201114e-07,0.0,0.0
1230371.99235,0.347958758042,0.0,0.0,0.347958758042,0.622563214919,0.1206343717,0.000744561285884,7.69416460247e-08,0.0,0.0
4536261.50751,0.407171096114,0.0,0.0,0.407171096114,0.460671792409,0.130819098353,0.000710449909254,1.05383209764e-07,0.0,0.0
18890.1411325,0.218696305594,0.0,0.0,0.218696305594,0.653786174789,0.186898524315,0.000784879242584,1.31834606672e-07,0.0,0.0
25790.1404837,0.203764400006,0.0,0.0,0.203764400006,0.424890038022,0.460130667653,0.000733103001854,4.78962998405e-07,0.0,0.0
5086115.79758,0.396254889208,0.0,0.0,0.396254889208,0.419683343294,0.242759661939,0.000637872109449,1.81653393524e-07,0.0,0.0
91296.198635,0.263996208159,0.0,0.0,0.263996208159,0.611180903052,0.243960370381,0.00079876224604,1.96410021233e-07,0.0,0.0
13553.0469383,0.206870789132,0.0,0.0,0.206870789132,0.405108658022,0.457983829754,0.00228727902404,5.10194652684e-06,0.0,0.0
463890.276295,0.306840248222,0.0,0.0,0.306840248222,0.388872901403,0.427370671322,0.000563384849845,2.81703578841e-07,0.0,0.0
5783.90403746,0.195674982247,0.0,0.0,0.195674982247,0.842020086287,0.0280640100748,0.00516977896638,6.10842507055e-07,0.0,0.0
29537.7303316,0.187651110573,0.0,0.0,0.187651110573,0.816615190039,0.0567783055389,0.000984984042225,4.57909362795e-08,0.0,0.0
16222.7482853,0.191533611934,0.0,0.0,0.191533611934,0.614752669379,0.303591359642,0.00302498630239,3.71130665124e-06,0.0,0.0
10153.0200914,0.152256675325,0.0,0.0,0.152256675325,0.70328746595,0.208930646159,0.0023628857615,1.30212475345e-06,0.0,0.0
169881.215797,0.311772316224,0.0,0.0,0.311772316224,0.342905902679,0.269329881713,0.000597244029481,2.20598476634e-07,0.0,0.0
3592.16974533,0.1752647039,0.0,0.0,0.1752647039,0.586301230773,0.258272118055,0.00451416763039,7.42102171291e-06,0.0,0.0
2884.28771882,0.125454023095,0.0,0.0,0.125454023095,0.719081805978,0.149275703717,0.00422655657771,2.89215434027e-06,0.0,0.0
8913.46857206,0.177656740739,0.0,0.0,0.177656740739,0.619174756486,0.28986465678,0.00414419430786,6.65954608169e-06,0.0,0.0
7391.56092202,0.175816388963,0.0,0.0,0.175816388963,0.569155685021,0.321659973379,0.00444479444533,9.40246543594e-06,0.0,0.0
3178.45604977,0.118513515377,0.0,0.0,0.118513515377,0.775624961549,0.112844849759,0.00420362310841,1.95232577667e-06,0.0,0.0
5325.16953967,0.153053762333,0.0,0.0,0.153053762333,0.753715913304,0.135736266855,0.00456005403453,2.89844078698e-06,0.0,0.0
3125.04365082,0.0937429672553,0.0,0.0,0.0937429672553,0.625454828142,0.292675653638,0.00397231772194,6.09563402022e-06,0.0,0.0
7670299.95728,0.430959378793,0.0,0.0,0.430959378793,0.555923622396,0.0497581635518,0.000774501686696,3.63418534349e-08,0.0,0.0
1033333.99572,0.349618953306,0.0,0.0,0.349618953306,0.443752634786,0.266608548108,0.000634735376254,1.87324394349e-07,0.0,0.0
61743.2896441,0.260219535636,0.0,0.0,0.260219535636,0.59775488792,0.211565779665,0.000766962552207,1.57591500076e-07,0.0,0.0
2052.91276625,0.107891246657,0.0,0.0,0.107891246657,0.39441266127,0.473572558445,0.00311714611367,1.02301125816e-05,0.0,0.0
8798.80924283,0.171311265178,0.0,0.0,0.171311265178,0.531209937008,0.36665323649,0.00351981069129,7.24115471865e-06,0.0,0.0
18227.5780598,0.183633110091,0.0,0.0,0.183633110091,0.67639404794,0.237715440568,0.00191952019595,1.02431868751e-06,0.0,0.0
816270.158736,0.35296806265,0.0,0.0,0.35296806265,0.364220843287,0.157709228111,0.000670038687575,1.47131127339e-07,0.0,0.0
469346.925937,0.290911341995,0.0,0.0,0.290911341995,0.599392736798,0.26878146301,0.000806493537598,2.25501810843e-07,0.0,0.0
234439.221451,0.272982245723,0.0,0.0,0.272982245723,0.577223502094,0.299680591056,0.000810255012988,2.66272954258e-07,0.0,0.0
2451.55101541,0.113773673719,0.0,0.0,0.113773673719,0.803527268832,0.0651312156203,0.00482816351454,1.37932382543e-06,0.0,0.0
247310.651524,0.303083511059,0.0,0.0,0.303083511059,0.278050734937,0.526793428372,0.000469070634659,3.47280373136e-07,0.0,0.0
2437.87822059,0.105951726427,0.0,0.0,0.105951726427,0.846813572741,0.0422203199527,0.00458471247631,7.36436099847e-07,0.0,0.0
435819.699009,0.334642225826,0.0,0.0,0.334642225826,0.610769539695,0.0366822549737,0.00078720593827,2.44702085673e-08,0.0,0.0
8827.26553802,0.17516627294,0.0,0.0,0.17516627294,0.630046185615,0.278399019517,0.00416269151976,6.31349165814e-06,0.0,0.0
62647.1082885,0.256995485144,0.0,0.0,0.256995485144,0.852316363653,0.0258282874002,0.00175031905876,6.08138633715e-08,0.0,0.0
517584.867431,0.311814999675,0.0,0.0,0.311814999675,0.59048615562,0.22465126749,0.000707272719408,1.43308494336e-07,0.0,0.0
4012.49697936,0.108034746366,0.0,0.0,0.108034746366,0.613896437612,0.309013477464,0.00388448740814,6.30369968911e-06,0.0,0.0
1992652.61837,0.381597383662,0.0,0.0,0.381597383662,0.385463331117,0.237689291454,0.000629352159135,1.89292267502e-07,0.0,0.0
2321.64191466,0.0783764313404,0.0,0.0,0.0783764313404,0.720227376134,0.175260943547,0.00354937480793,2.40255400936e-06,0.0,0.0
3852.56832766,0.15339708558,0.0,0.0,0.15339708558,0.751748081911,0.0914019729098,0.00443177966957,1.79154509617e-06,0.0,0.0
161103.266048,0.290586726363,0.0,0.0,0.290586726363,0.729448065446,0.0561169880175,0.000798624451856,3.29331936672e-08,0.0,0.0
10163.7192634,0.195641065645,0.0,0.0,0.195641065645,0.745303390971,0.155787588979,0.00364938138796,2.15976123791e-06,0.0,0.0
71244.6369246,0.239962871412,0.0,0.0,0.239962871412,0.746666090354,0.136538052124,0.00111950489288,1.68332859225e-07,0.0,0.0
6809.18899157,0.200874233525,0.0,0.0,0.200874233525,0.443724877363,0.382821057489,0.00302170819012,6.73739497585e-06,0.0,0.0
28245.7683776,0.237372669918,0.0,0.0,0.237372669918,0.528705171943,0.28776291969,0.00102242622328,4.5035943194e-07,0.0,0.0
313789.44364,0.307273760975,0.0,0.0,0.307273760975,0.272134291974,0.449063158112,0.000486522967677,3.22229236142e-07,0.0,0.0
3116.66625586,0.118986322415,0.0,0.0,0.118986322415,0.485748373892,0.411058093109,0.00363545030739,9.61573102272e-06,0.0,0.0
295677.672553,0.306767193531,0.0,0.0,0.306767193531,0.281777938648,0.442349504204,0.000494054301144,3.15137305405e-07,0.0,0.0
3227.81253044,0.111666191169,0.0,0.0,0.111666191169,0.803453010463,0.104456766547,0.00489776521269,2.36000469848e-06,0.0,0.0
1204527.2854,0.357845703147,0.0,0.0,0.357845703147,0.428507787849,0.191926429553,0.000667011907751,1.51175888089e-07,0.0,0.0
14478.5776644,0.191215652641,0.0,0.0,0.191215652641,0.669298964363,0.239487395308,0.00402688962292,4.70370884136e-06,0.0,0.0
172069.194112,0.288827893476,0.0,0.0,0.288827893476,0.587862101044,0.263633352328,0.000820701348275,2.35685998533e-07,0.0,0.0
255571.603736,0.318016456736,0.0,0.0,0.318016456736,0.507110536989,0.145170695066,0.000710108755868,1.06208656465e-07,0.0,0.0
699648.618916,0.356298147669,0.0,0.0,0.356298147669,0.502753228101,0.0514101154119,0.000770430744521,4.1486737758e-08,0.0,0.0
8240.90100215,0.188813844699,0.0,0.0,0.188813844699,0.629247377711,0.280359598268,0.00446435184097,7.34797445543e-06,0.0,0.0
127381.601408,0.267604693121,0.0,0.0,0.267604693121,0.687260180977,0.208008102272,0.00139869174389,4.56700708002e-07,0.0,0.0
263805.581908,0.282423034174,0.0,0.0,0.282423034174,0.54242506298,0.335883650975,0.000743429813971,2.69771289736e-07,0.0,0.0
3935.43562553,0.144887837235,0.0,0.0,0.144887837235,0.748413859828,0.155272325545,0.00459441456051,3.42348953679e-06,0.0,0.0
126666.366099,0.26687175302,0.0,0.0,0.26687175302,0.541642371594,0.313469347495,0.000764513331068,2.67646642553e-07,0.0,0.0
80635.3867595,0.242359359468,0.0,0.0,0.242359359468,0.628129797866,0.23424508656,0.000796173637559,1.80546189203e-07,0.0,0.0
546645.197262,0.304789995349,0.0,0.0,0.304789995349,0.538358053658,0.334750368806,0.000714631383252,2.49798072675e-07,0.0,0.0
563840.545481,0.336215383079,0.0,0.0,0.336215383079,0.356036204654,0.248941110171,0.000613052570359,2.05349073416e-07,0.0,0.0
3494.23842158,0.121927988469,0.0,0.0,0.121927988469,0.777766749051,0.1349367549,0.00450207691752,2.71012150809e-06,0.0,0.0
396555.21298,0.285563994133,0.0,0.0,0.285563994133,0.808459520855,0.0518053651044,0.00100667980245,4.39756067477e-08,0.0,0.0
3322.67796641,0.145885168966,0.0,0.0,0.145885168966,0.616717581077,0.269041508818,0.00444162959513,7.10255020803e-06,0.0,0.0
65881.0595111,0.262479195216,0.0,0.0,0.262479195216,0.649079346352,0.0850220542295,0.000766203391191,5.35739785713e-08,0.0,0.0
221749.849109,0.30325304194,0.0,0.0,0.30325304194,0.377478866605,0.416760802652,0.000553993432398,2.73035942867e-07,0.0,0.0
57981.4576418,0.244720408815,0.0,0.0,0.244720408815,0.528266307286,0.320961626986,0.000848905966291,3.47875196886e-07,0.0,0.0
182214.198248,0.266633848684,0.0,0.0,0.266633848684,0.671935920795,0.206058259224,0.000864498719784,1.72527923406e-07,0.0,0.0
27075.4853719,0.23413062287,0.0,0.0,0.23413062287,0.664715853881,0.202476554208,0.00138079685963,4.46685026955e-07,0.0,0.0
18487.8938494,0.180828703449,0.0,0.0,0.180828703449,0.712848573031,0.176686474709,0.001154657573,2.48365210041e-07,0.0,0.0
11088.6026128,0.195143643108,0.0,0.0,0.195143643108,0.533357814127,0.347690087029,0.00372618246812,7.64829482358e-06,0.0,0.0
63076.8953214,0.238749897502,0.0,0.0,0.238749897502,0.499117711464,0.376091842475,0.000827687998906,4.17436274642e-07,0.0,0.0
24583.9063731,0.198335277677,0.0,0.0,0.198335277677,0.629175005283,0.259422143888,0.00111454692835,3.99757926035e-07,0.0,0.0
2498.9600764,0.0993123340167,0.0,0.0,0.0993123340167,0.74479573129,0.16069862734,0.00480978897221,3.9203571515e-06,0.0,0.0
11291.4826613,0.199227294946,0.0,0.0,0.199227294946,0.81591339652,0.066002706513,0.00344025095673,6.90371448129e-07,0.0,0.0
8469.53700353,0.191992552207,0.0,0.0,0.191992552207,0.500637836736,0.372796574859,0.00315996370114,6.30143961946e-06,0.0,0.0
966346.849243,0.341541524906,0.0,0.0,0.341541524906,0.376796083527,0.396968407393,0.000558133817934,2.63443596012e-07,0.0,0.0
114245.254259,0.262540219566,0.0,0.0,0.262540219566,0.599699356101,0.291901348643,0.00137367456071,7.35400566498e-07,0.0,0.0
5406825.66039,0.430504112368,0.0,0.0,0.430504112368,0.430440013025,0.0606064187874,0.000755510503985,5.62156573255e-08,0.0,0.0
10202.5975565,0.188138234908,0.0,0.0,0.188138234908,0.46009777968,0.376922723185,0.000614060845083,2.45465733037e-07,0.0,0.0
809299.863815,0.369684215639,0.0,0.0,0.369684215639,0.358147761717,0.216460091493,0.00063152403272,1.86561849076e-07,0.0,0.0
45774.2240953,0.24981128495,0.0,0.0,0.24981128495,0.592938928943,0.307951319652,0.0021885971791,2.02708147344e-06,0.0,0.0
43421.5644562,0.229067102845,0.0,0.0,0.229067102845,0.740550330556,0.118663159468,0.0015678302019,2.9009996744e-07,0.0,0.0
57045.2094281,0.217508057754,0.0,0.0,0.217508057754,0.799567051867,0.0784854875836,0.000936688103262,5.97697945897e-08,0.0,0.0
493359.081459,0.328262893678,0.0,0.0,0.328262893678,0.539515227753,0.204151017746,0.000688321393185,1.34535109331e-07,0.0,0.0
36829.6446937,0.240239689772,0.0,0.0,0.240239689772,0.863667035343,0.0238942168601,0.00198628871592,7.13291341698e-08,0.0,0.0
15227.9843126,0.178313201649,0.0,0.0,0.178313201649,0.649514158391,0.242917133329,0.00124719127671,4.53419728145e-07,0.0,0.0
383704.378533,0.28988201264,0.0,0.0,0.28988201264,0.574336057875,0.297865028537,0.00084765476545,2.92047927061e-07,0.0,0.0
409043.767175,0.317563232435,0.0,0.0,0.317563232435,0.364204030679,0.370924404242,0.000561606106895,2.57244261522e-07,0.0,0.0
15993.1467498,0.197671632601,0.0,0.0,0.197671632601,0.838094757789,0.0643017969661,0.0021680296107,2.54928566738e-07,0.0,0.0
634213.495896,0.334465028518,0.0,0.0,0.334465028518,0.475826006501,0.243189286306,0.000655535659184,1.68167783879e-07,0.0,0.0
39129.9706873,0.249414957161,0.0,0.0,0.249414957161,0.740757250339,0.124490643402,0.00236672690475,7.05613499979e-07,0.0,0.0
14573.1322302,0.171609225283,0.0,0.0,0.171609225283,0.661627279832,0.242747578877,0.00138403684747,5.48910391795e-07,0.0,0.0
342036.711911,0.313021242793,0.0,0.0,0.313021242793,0.322389523572,0.46960677936,0.000509908924476,3.104325147e-07,0.0,0.0
3061.57432545,0.116782585787,0.0,0.0,0.116782585787,0.513355484326,0.383852097553,0.00345627665906,7.60404960719e-06,0.0,0.0
10080.5122566,0.183898879911,0.0,0.0,0.183898879911,0.423728786245,0.466962075139,0.00187673901931,3.31852568956e-06,0.0,0.0
2138943.95321,0.372904267744,0.0,0.0,0.372904267744,0.489517885371,0.260208016108,0.000650606755103,1.7275015988e-07,0.0,0.0
8024.18428399,0.183106995566,0.0,0.0,0.183106995566,0.850316528755,0.0157541121767,0.00508746376936,3.14567231576e-07,0.0,0.0
28923.302257,0.217159213168,0.0,0.0,0.217159213168,0.774259017098,0.0415623632388,0.000813354814802,2.32363012304e-08,0.0,0.0
8887.6802833,0.127217660285,0.0,0.0,0.127217660285,0.788469687031,0.119948123231,0.00185431001174,3.88281593318e-07,0.0,0.0
556137.452832,0.329878402946,0.0,0.0,0.329878402946,0.602839264623,0.148473881586,0.000726520165549,9.4689526107e-08,0.0,0.0
8439042.07366,0.450462053885,0.0,0.0,0.450462053885,0.341684407784,0.102098672941,0.000705552839913,1.0974625097e-07,0.0,0.0
4868.93424012,0.12761939615,0.0,0.0,0.12761939615,0.652693659409,0.26375768498,0.00375854482502,4.65886646012e-06,0.0,0.0
12195.5512836,0.19502026925,0.0,0.0,0.19502026925,0.365243324707,0.516495823231,0.00208406872122,5.37302831709e-06,0.0,0.0
7396.62320347,0.146384166355,0.0,0.0,0.146384166355,0.717067973539,0.176478458252,0.00239303401289,1.0892766723e-06,0.0,0.0
34987.5378347,0.20704728972,0.0,0.0,0.20704728972,0.592585359145,0.302057821914,0.00116145113779,5.46087389129e-07,0.0,0.0
24708.6990299,0.202078678173,0.0,0.0,0.202078678173,0.590164383954,0.324755974909,0.00279645054061,3.55096486322e-06,0.0,0.0
40025.8732081,0.235270589246,0.0,0.0,0.235270589246,0.397928301616,0.452707244219,0.00057749091483,3.08744057006e-07,0.0,0.0
5973.58067782,0.12237521593,0.0,0.0,0.12237521593,0.875725935554,0.0278564664592,0.00247400374095,1.29545347817e-07,0.0,0.0
4293.58385755,0.163014188791,0.0,0.0,0.163014188791,0.273009143791,0.585677967294,0.00249136119665,1.20869194313e-05,0.0,0.0
1027964.87325,0.332728417515,0.0,0.0,0.332728417515,0.499402750532,0.2985189048,0.000643848102183,1.9197372293e-07,0.0,0.0
1967.2820009,0.119517347427,0.0,0.0,0.119517347427,0.515618269999,0.332540151748,0.003755533261,7.67149241634e-06,0.0,0.0
102902.04111,0.267703817163,0.0,0.0,0.267703817163,0.631527296491,0.234226002026,0.000960260523411,2.6452334981e-07,0.0,0.0
74400.8162609,0.253132026758,0.0,0.0,0.253132026758,0.400850521427,0.472088545272,0.000617665750944,3.69567035345e-07,0.0,0.0
98513.1256426,0.241616075226,0.0,0.0,0.241616075226,0.647130869983,0.231194914543,0.000861731640724,2.02083349512e-07,0.0,0.0
638224.96344,0.315355117448,0.0,0.0,0.315355117448,0.648808760408,0.210781019203,0.000765373519303,1.4279484921e-07,0.0,0.0
152444.216967,0.274833158324,0.0,0.0,0.274833158324,0.713683748854,0.158531951702,0.000881597361627,1.271830384e-07,0.0,0.0
2813.43509275,0.094068877175,0.0,0.0,0.094068877175,0.797342848622,0.105376781738,0.00447564124677,1.99854958356e-06,0.0,0.0
1300823.64218,0.368973209112,0.0,0.0,0.368973209112,0.232588746863,0.475842580958,0.000451196765739,3.47953794741e-07,0.0,0.0
1186356.8424,0.335700093806,0.0,0.0,0.335700093806,0.546433157105,0.211835134369,0.000687855380592,1.37903209602e-07,0.0,0.0
210740.407835,0.308193235143,0.0,0.0,0.308193235143,0.580063982404,0.13520547437,0.000727879616174,8.95910206113e-08,0.0,0.0
12548.9426316,0.215520651833,0.0,0.0,0.215520651833,0.650837676703,0.219842610053,0.00401409428038,4.39402823188e-06,0.0,0.0
1695.78218294,0.129166069553,0.0,0.0,0.129166069553,0.532005323762,0.2752734702,0.00358213215799,5.49958652985e-06,0.0,0.0
1905.44572654,0.10795051425,0.0,0.0,0.10795051425,0.574006551539,0.292450323361,0.00373603192562,5.89506227151e-06,0.0,0.0
43301.0295665,0.245706660371,0.0,0.0,0.245706660371,0.569955660821,0.31378731551,0.00135005403345,8.09193790983e-07,0.0,0.0
592560.025196,0.309853109751,0.0,0.0,0.309853109751,0.581420228095,0.20518838786,0.000702962749778,1.30369899136e-07,0.0,0.0
38774.0625951,0.233030779014,0.0,0.0,0.233030779014,0.556559738096,0.34294781269,0.0015371940958,1.18826752273e-06,0.0,0.0
44601.9973268,0.258280673553,0.0,0.0,0.258280673553,0.448303127875,0.408321941461,0.00128361586772,1.24456953685e-06,0.0,0.0
565205.344089,0.34010204411,0.0,0.0,0.34010204411,0.425392745674,0.192456567068,0.000666223240297,1.52454969027e-07,0.0,0.0
70427.2608118,0.249024655604,0.0,0.0,0.249024655604,0.434518672892,0.428850888576,0.000622691150957,3.10031054332e-07,0.0,0.0
243949.824309,0.288641261453,0.0,0.0,0.288641261453,0.557694644507,0.276583175301,0.000692075775106,1.82727614992e-07,0.0,0.0
1283075.19166,0.363563607011,0.0,0.0,0.363563607011,0.270015115411,0.370220083138,0.000514424186328,2.95888749958e-07,0.0,0.0
165412.639542,0.301227056271,0.0,0.0,0.301227056271,0.466511107791,0.253655793769,0.000646777902362,1.74884361006e-07,0.0,0.0
2226633.55393,0.378465752639,0.0,0.0,0.378465752639,0.416571586614,0.196359728429,0.000661759632642,1.57148666211e-07,0.0,0.0
2369.99775411,0.0859110558804,0.0,0.0,0.0859110558804,0.752961392523,0.151771253568,0.00459973959831,3.32587936902e-06,0.0,0.0
8194.46862996,0.195610455221,0.0,0.0,0.195610455221,0.57752178338,0.255452464324,0.00299711057026,3.23189994389e-06,0.0,0.0
153349.814128,0.309457436666,0.0,0.0,0.309457436666,0.322636827504,0.325106560528,0.000561593354813,2.54252964457e-07,0.0,0.0
524343.809906,0.319694079381,0.0,0.0,0.319694079381,0.601579295154,0.130688976532,0.00073577965491,8.49261491713e-08,0.0,0.0
2866.96543107,0.0697496651146,0.0,0.0,0.0697496651146,0.71864674776,0.211011405392,0.00403869124432,3.82083146826e-06,0.0,0.0
20147.7664134,0.209637134256,0.0,0.0,0.209637134256,0.72656715241,0.126236791108,0.00170457124404,3.74564884626e-07,0.0,0.0
3399.42076684,0.15102436883,0.0,0.0,0.15102436883,0.341815966935,0.524291329181,0.00309828884997,1.3154549857e-05,0.0,0.0
87553.3100811,0.250820939544,0.0,0.0,0.250820939544,0.754420090675,0.142581523206,0.00177724140257,4.48826076376e-07,0.0,0.0
25526.2789457,0.206131143338,0.0,0.0,0.206131143338,0.843308959912,0.0554653201907,0.00323528644857,4.87573487829e-07,0.0,0.0
481206.408819,0.322267951275,0.0,0.0,0.322267951275,0.236086031159,0.532600718485,0.000436696091338,3.61623629752e-07,0.0,0.0
53232.0799097,0.217124151398,0.0,0.0,0.217124151398,0.623708941844,0.280488940984,0.00127910989859,5.80700987031e-07,0.0,0.0
125410.424235,0.265104523312,0.0,0.0,0.265104523312,0.655509866348,0.154806518837,0.000748706679731,9.64422783227e-08,0.0,0.0
78987.9133959,0.235302053314,0.0,0.0,0.235302053314,0.629021502611,0.278172743323,0.00187947477602,1.25191905132e-06,0.0,0.0
1319411.86068,0.349097961815,0.0,0.0,0.349097961815,0.497613544308,0.199544591692,0.000680900665315,1.40030386224e-07,0.0,0.0
1844.79802839,0.0930449409515,0.0,0.0,0.0930449409515,0.769426215217,0.104197424677,0.00452630400069,2.09856521434e-06,0.0,0.0
4818.14944369,0.151601148043,0.0,0.0,0.151601148043,0.590430380289,0.320272839241,0.00427156065076,8.29017700323e-06,0.0,0.0
138335.450868,0.265742430489,0.0,0.0,0.265742430489,0.755944811198,0.0787057608289,0.00103879361326,7.90302151461e-08,0.0,0.0
476240.961942,0.309197128859,0.0,0.0,0.309197128859,0.444146778889,0.323682756106,0.000612179319787,2.14167174089e-07,0.0,0.0
3446.30580764,0.19088983268,0.0,0.0,0.19088983268,0.533620339003,0.251686371487,0.00397263990823,6.15580860839e-06,0.0,0.0
4000.2775404,0.11320689847,0.0,0.0,0.11320689847,0.638532391728,0.283912815776,0.0040702454477,6.0668304936e-06,0.0,0.0
9227741.96379,0.428659889377,0.0,0.0,0.428659889377,0.490140217063,0.137955426718,0.000711292272288,1.04635880497e-07,0.0,0.0
123425.554814,0.275409397687,0.0,0.0,0.275409397687,0.525522106883,0.284331406636,0.000664434022455,1.84365979835e-07,0.0,0.0
4188.78689682,0.152017553872,0.0,0.0,0.152017553872,0.64373291754,0.260779206356,0.00459627508417,7.0351928461e-06,0.0,0.0
124444.714139,0.242666444663,0.0,0.0,0.242666444663,0.648217567302,0.268447113675,0.00181818584261,1.092912046e-06,0.0,0.0
68040.2476441,0.252380953,0.0,0.0,0.252380953,0.467145101732,0.411321999928,0.000872664386645,5.50286791183e-07,0.0,0.0
2359946.72745,0.368357974601,0.0,0.0,0.368357974601,0.578952666452,0.125990732655,0.000733642383495,8.45533269429e-08,0.0,0.0
19548.6899989,0.188319211243,0.0,0.0,0.188319211243,0.692305741449,0.210917754508,0.00120996041111,3.40771866154e-07,0.0,0.0
4247.57594333,0.131894997911,0.0,0.0,0.131894997911,0.645314145735,0.2673078191,0.00428129462212,6.23708578876e-06,0.0,0.0
7631.45824463,0.178114396809,0.0,0.0,0.178114396809,0.787773969217,0.101871753078,0.00509748617979,2.54868474744e-06,0.0,0.0
79902.4257217,0.244306012334,0.0,0.0,0.244306012334,0.859772604668,0.02671426347,0.00225109915158,1.04267291915e-07,0.0,0.0
4393.41015083,0.12607019139,0.0,0.0,0.12607019139,0.733337179166,0.177420774577,0.0045777665028,4.01054045547e-06,0.0,0.0
23941.6459013,0.20715435344,0.0,0.0,0.20715435344,0.870829228108,0.0154847345888,0.00181438188825,3.68512187899e-08,0.0,0.0
162566.991421,0.274515221806,0.0,0.0,0.274515221806,0.768824880994,0.0963905114473,0.00107887437813,1.04265659725e-07,0.0,0.0
776399.798063,0.34398804543,0.0,0.0,0.34398804543,0.427558299835,0.344178138714,0.00059850562837,2.27579403245e-07,0.0,0.0
97218.6284785,0.253050039783,0.0,0.0,0.253050039783,0.564182991004,0.33085863117,0.00108834805662,5.55634248051e-07,0.0,0.0
15658.7490394,0.227949258736,0.0,0.0,0.227949258736,0.409769294006,0.456733849025,0.00248235922038,5.94071802085e-06,0.0,0.0
19355.9787355,0.212537731394,0.0,0.0,0.212537731394,0.634387168723,0.17707550872,0.000729674948788,1.09553228678e-07,0.0,0.0
6792.09782552,0.142692106538,0.0,0.0,0.142692106538,0.530364590044,0.36968010446,0.00174530279852,1.75311355295e-06,0.0,0.0
1297325.08994,0.361627605209,0.0,0.0,0.361627605209,0.528080843106,0.145637770214,0.000714475002449,1.0332622864e-07,0.0,0.0
5519.94007932,0.190810192351,0.0,0.0,0.190810192351,0.856754868729,0.0210291091586,0.00533579783717,4.68825587281e-07,0.0,0.0
4195.64235371,0.14136831546,0.0,0.0,0.14136831546,0.650555450919,0.237610637199,0.00426638287371,5.41190784928e-06,0.0,0.0
242177.517346,0.29761847599,0.0,0.0,0.29761847599,0.38353623352,0.458895277068,0.000563604542873,3.0965696952e-07,0.0,0.0
34079.6768461,0.253798554102,0.0,0.0,0.253798554102,0.505929494993,0.211510510541,0.000675804282285,1.44240516751e-07,0.0,0.0
1254803.10278,0.343492610826,0.0,0.0,0.343492610826,0.747847135158,0.0267803351487,0.000813162469244,1.50174254494e-08,0.0,0.0
149796.956378,0.256383663456,0.0,0.0,0.256383663456,0.771438569978,0.101324430739,0.00116074318588,1.27235900672e-07,0.0,0.0
4820.85899629,0.146846176346,0.0,0.0,0.146846176346,0.441698669755,0.446007071191,0.00305059228275,8.13791918439e-06,0.0,0.0
2180701.81944,0.380655423353,0.0,0.0,0.380655423353,0.492681811098,0.13563982933,0.000713380311456,1.02799517088e-07,0.0,0.0
12184.6757919,0.163795416694,0.0,0.0,0.163795416694,0.619881987404,0.278528679589,0.00139735397361,6.98085894019e-07,0.0,0.0
13605.8986718,0.203443813121,0.0,0.0,0.203443813121,0.560928491425,0.297063357191,0.00194966913686,1.63318831203e-06,0.0,0.0
27548.0722791,0.208619698964,0.0,0.0,0.208619698964,0.878374229232,0.010538856055,0.00193862146478,2.770934689e-08,0.0,0.0
53669.2191122,0.242411062631,0.0,0.0,0.242411062631,0.701673474715,0.115498917612,0.000767426636919,6.87670965157e-08,0.0,0.0
65136.8838332,0.242914918014,0.0,0.0,0.242914918014,0.835282182035,0.0391283754579,0.000944776508027,2.74737239984e-08,0.0,0.0
10733.523713,0.223547075577,0.0,0.0,0.223547075577,0.463445360957,0.326747906358,0.00209756226183,2.57366131862e-06,0.0,0.0
310302.412604,0.327481413335,0.0,0.0,0.327481413335,0.485576838966,0.139675360949,0.000709811122432,1.0665657862e-07,0.0,0.0
6994.96819794,0.120849554324,0.0,0.0,0.120849554324,0.86282209473,0.0297417715619,0.00229677606696,1.21550228574e-07,0.0,0.0
30707.740618,0.21494660399,0.0,0.0,0.21494660399,0.665201617549,0.17907873886,0.000795361279676,1.26750629002e-07,0.0,0.0
2678.52543497,0.152754353598,0.0,0.0,0.152754353598,0.395178925836,0.419584244506,0.00300808699029,8.34147754229e-06,0.0,0.0
2101380.94128,0.401074841792,0.0,0.0,0.401074841792,0.294952629466,0.098544117039,0.000695681602225,1.2022533021e-07,0.0,0.0
38923.7093089,0.245029741187,0.0,0.0,0.245029741187,0.660925777189,0.155077178911,0.0013750042113,3.33353383511e-07,0.0,0.0
168551.631418,0.265299769855,0.0,0.0,0.265299769855,0.644940971869,0.239827929096,0.00108836440774,3.41005299674e-07,0.0,0.0
16451.6980445,0.215345182332,0.0,0.0,0.215345182332,0.603078688534,0.249128664651,0.00231505425054,1.77393401429e-06,0.0,0.0
2174.97269865,0.127609433403,0.0,0.0,0.127609433403,0.651608795043,0.196117601337,0.00418349324585,4.21691689253e-06,0.0,0.0
185846.930442,0.265466399834,0.0,0.0,0.265466399834,0.585085585104,0.259431444251,0.000697869257865,1.64520987578e-07,0.0,0.0
8376.50520288,0.153351659653,0.0,0.0,0.153351659653,0.244698892249,0.636279678772,0.000460417308125,4.75637721026e-07,0.0,0.0
24066.6514312,0.192709424236,0.0,0.0,0.192709424236,0.585926208262,0.32676943659,0.00153633024937,1.06722288586e-06,0.0,0.0
29536.6508383,0.244226127441,0.0,0.0,0.244226127441,0.614478750803,0.2559704096,0.00266660229815,2.3889704967e-06,0.0,0.0
5438.82748011,0.191499723014,0.0,0.0,0.191499723014,0.706790089661,0.16709445203,0.00479872434913,4.30825907258e-06,0.0,0.0
1905747.22448,0.370549524371,0.0,0.0,0.370549524371,0.415401768841,0.243335700604,0.000636415470928,1.83283240994e-07,0.0,0.0
3890.45032471,0.138411319031,0.0,0.0,0.138411319031,0.648356314125,0.25698779284,0.00437065209173,6.20109629748e-06,0.0,0.0
45949.478662,0.225700536455,0.0,0.0,0.225700536455,0.872125895259,0.0261469605853,0.00253177326891,1.27175139105e-07,0.0,0.0
471735.381844,0.29674287401,0.0,0.0,0.29674287401,0.616454048665,0.253382285403,0.000742440030589,1.7265637844e-07,0.0,0.0
72091.1560915,0.247259011961,0.0,0.0,0.247259011961,0.565546675016,0.320732062516,0.000843825537387,3.18130929024e-07,0.0,0.0
1525413.88178,0.378025499734,0.0,0.0,0.378025499734,0.405898360495,0.258005660303,0.000625648392493,1.93233141609e-07,0.0,0.0
3609.6546494,0.139226288899,0.0,0.0,0.139226288899,0.582211996208,0.300619811715,0.00400081333095,6.87973183287e-06,0.0,0.0
94604.4856485,0.257060946107,0.0,0.0,0.257060946107,0.590770173931,0.317583311023,0.00146517601071,9.31275018478e-07,0.0,0.0
89986.8699312,0.260412826614,0.0,0.0,0.260412826614,0.629818325706,0.265097301015,0.00142951197451,6.81607257437e-07,0.0,0.0
2255886.74955,0.354025839805,0.0,0.0,0.354025839805,0.535429686624,0.224697989154,0.000678655225725,1.46075904241e-07,0.0,0.0
60762.2793535,0.241354137382,0.0,0.0,0.241354137382,0.735841009323,0.11511824506,0.000846897615062,8.03953269955e-08,0.0,0.0
8947.75461386,0.148685617204,0.0,0.0,0.148685617204,0.473218243229,0.421008295423,0.000988048306049,7.15125350256e-07,0.0,0.0
2399.6244846,0.091297848392,0.0,0.0,0.091297848392,0.814218257507,0.0438840777245,0.00260907872167,2.53736184935e-07,0.0,0.0
235854.165224,0.280694604062,0.0,0.0,0.280694604062,0.522024379557,0.302679158074,0.000673632206404,2.04793605803e-07,0.0,0.0
34758.6623457,0.205193011018,0.0,0.0,0.205193011018,0.752295113991,0.153140143835,0.00182591012554,5.14809677479e-07,0.0,0.0
3190.00163028,0.173972106736,0.0,0.0,0.173972106736,0.667974789928,0.154000288503,0.00453346447489,3.7322103967e-06,0.0,0.0
65056.6861391,0.26093697404,0.0,0.0,0.26093697404,0.582418000256,0.276989941142,0.00106502561806,4.24308953413e-07,0.0,0.0
474882.228477,0.306601214403,0.0,0.0,0.306601214403,0.522591825346,0.309088892119,0.000664069986305,2.02775088722e-07,0.0,0.0
219711.47566,0.288533619634,0.0,0.0,0.288533619634,0.603551849235,0.207837780917,0.000715920677956,1.32003511202e-07,0.0,0.0
506165.846876,0.298362972376,0.0,0.0,0.298362972376,0.674716518559,0.152530919467,0.000766002536051,9.65926163653e-08,0.0,0.0
9832.27883412,0.190276715551,0.0,0.0,0.190276715551,0.593425268092,0.300842155515,0.00351241008073,5.17608979002e-06,0.0,0.0
15018.5962076,0.181507959395,0.0,0.0,0.181507959395,0.679594551305,0.20876927801,0.00123405935791,3.59900229202e-07,0.0,0.0
6311.83021678,0.157376572279,0.0,0.0,0.157376572279,0.843910162468,0.0414185805854,0.00456058183849,7.16919041186e-07,0.0,0.0
8632.57485338,0.208851085251,0.0,0.0,0.208851085251,0.679910921005,0.17831472392,0.00322617725387,2.14257090008e-06,0.0,0.0
23191.4804529,0.19421734641,0.0,0.0,0.19421734641,0.626111645436,0.281498895714,0.00132995611719,6.28731561891e-07,0.0,0.0
1631038.00562,0.360684221691,0.0,0.0,0.360684221691,0.386190727466,0.291473072477,0.000603508832018,2.15921139716e-07,0.0,0.0
447008.511937,0.291460171669,0.0,0.0,0.291460171669,0.602837425901,0.287510071322,0.00108937360701,4.45399368774e-07,0.0,0.0
137135.483117,0.258819867617,0.0,0.0,0.258819867617,0.604848052531,0.261563409354,0.000773717094824,1.99328667947e-07,0.0,0.0
42234.6035672,0.228881535911,0.0,0.0,0.228881535911,0.730221576798,0.160604638968,0.00130511195889,2.8091104767e-07,0.0,0.0
36573.1668271,0.245521475332,0.0,0.0,0.245521475332,0.768626339582,0.072755988187,0.000881984145526,5.0893931961e-08,0.0,0.0
8248.9004981,0.189866149888,0.0,0.0,0.189866149888,0.436211522487,0.429130640589,0.00338198557411,9.76694644203e-06,0.0,0.0
4215.78893625,0.161294563825,0.0,0.0,0.161294563825,0.491143956281,0.382911933398,0.0039663742293,1.05323023945e-05,0.0,0.0
69531.7100847,0.245684471115,0.0,0.0,0.245684471115,0.564331125486,0.336614144073,0.00181752641309,1.6138447596e-06,0.0,0.0
205447.743402,0.29118797296,0.0,0.0,0.29118797296,0.627405588785,0.223259997299,0.000819407622449,1.82996816535e-07,0.0,0.0
387477.33982,0.307546266166,0.0,0.0,0.307546266166,0.648067769867,0.193413139287,0.000800454521118,1.43762992263e-07,0.0,0.0
48517.127132,0.244935391148,0.0,0.0,0.244935391148,0.632176943458,0.233256182153,0.00207057880023,1.25186716787e-06,0.0,0.0
11402.8960398,0.176320730557,0.0,0.0,0.176320730557,0.684334749853,0.22314789444,0.00396784938846,4.13168689748e-06,0.0,0.0
138887.944913,0.264151934884,0.0,0.0,0.264151934884,0.529253621512,0.312298238152,0.000681823434204,2.14215699879e-07,0.0,0.0
1801.35718254,0.0642610262928,0.0,0.0,0.0642610262928,0.871987170441,0.0176475228516,0.00434343894183,2.50075828838e-07,0.0,0.0
84789.9753216,0.255154064644,0.0,0.0,0.255154064644,0.497290582027,0.302717686158,0.000642327545032,1.94823899216e-07,0.0,0.0
6305.93568146,0.168350018399,0.0,0.0,0.168350018399,0.54180755579,0.351206908192,0.00363231393325,7.21715436912e-06,0.0,0.0
1594214.56731,0.371113231642,0.0,0.0,0.371113231642,0.367123538576,0.271034849321,0.000605782099585,2.12465458805e-07,0.0,0.0
39507.5859164,0.23534235003,0.0,0.0,0.23534235003,0.747409382961,0.136010148868,0.00137120613875,2.54100512203e-07,0.0,0.0
2626699.01475,0.397891253269,0.0,0.0,0.397891253269,0.273554965202,0.335050068733,0.00053182045632,2.80528951649e-07,0.0,0.0
2836.38631456,0.108308559283,0.0,0.0,0.108308559283,0.712082594822,0.171932922322,0.00379858974045,2.73755082611e-06,0.0,0.0
74927.5337891,0.243985078204,0.0,0.0,0.243985078204,0.728042719575,0.141448238741,0.00128857465802,2.40533671245e-07,0.0,0.0
3120.14596348,0.177029093181,0.0,0.0,0.177029093181,0.288683516742,0.514614381315,0.00328881695732,1.74603898886e-05,0.0,0.0
7912.6501946,0.182818357354,0.0,0.0,0.182818357354,0.630224148289,0.265542271382,0.00454665737153,7.18267113015e-06,0.0,0.0
13216.3208707,0.16569184024,0.0,0.0,0.16569184024,0.79599600098,0.104760940169,0.00227504094863,5.01865790819e-07,0.0,0.0
1766948.08895,0.350642704381,0.0,0.0,0.350642704381,0.440451961346,0.304377388097,0.000618854150681,2.06807959856e-07,0.0,0.0
76008.6409229,0.248000187452,0.0,0.0,0.248000187452,0.673006944537,0.167349389329,0.000783455031221,1.12421290536e-07,0.0,0.0
8880.85722461,0.196982236909,0.0,0.0,0.196982236909,0.573966144034,0.257252567155,0.00240521224022,2.09289145619e-06,0.0,0.0
5487.95730007,0.153602578042,0.0,0.0,0.153602578042,0.657295584219,0.237580137297,0.00451880964069,6.01632899557e-06,0.0,0.0
284942.112398,0.277804179636,0.0,0.0,0.277804179636,0.558726469573,0.328991405539,0.00102438853198,4.92867361875e-07,0.0,0.0
256913.246959,0.291239338655,0.0,0.0,0.291239338655,0.318065282089,0.499542119034,0.000503052066564,3.27639844331e-07,0.0,0.0
8493.12961297,0.194240549867,0.0,0.0,0.194240549867,0.608660175751,0.267895298919,0.00415161685021,6.25359385167e-06,0.0,0.0
37436.2396895,0.221217481662,0.0,0.0,0.221217481662,0.578297660622,0.32194604874,0.00109452972276,5.30828308882e-07,0.0,0.0
492212.123094,0.301654495454,0.0,0.0,0.301654495454,0.813322213091,0.0482244502846,0.000965362895637,3.7065391692e-08,0.0,0.0
14077.2507285,0.175211099568,0.0,0.0,0.175211099568,0.837561726625,0.0230383398041,0.00164918385383,4.83099496597e-08,0.0,0.0
76734.8791117,0.251178374961,0.0,0.0,0.251178374961,0.453039404403,0.43825521653,0.000975664906125,7.63663157705e-07,0.0,0.0
268811.434026,0.285592003231,0.0,0.0,0.285592003231,0.465046084883,0.415048415265,0.000830938518678,5.03093447286e-07,0.0,0.0
20086.366143,0.239032480158,0.0,0.0,0.239032480158,0.692535248123,0.144304317678,0.00243570770857,9.42405615739e-07,0.0,0.0
171032.088561,0.278545692658,0.0,0.0,0.278545692658,0.520855031457,0.367177330311,0.00105049311058,6.31329020416e-07,0.0,0.0
3342730.66598,0.393839394152,0.0,0.0,0.393839394152,0.460819737556,0.113859735619,0.000721130572055,9.35512905179e-08,0.0,0.0
184595.406403,0.267027750479,0.0,0.0,0.267027750479,0.829829717174,0.0596013370562,0.00152842358185,1.16849393966e-07,0.0,0.0
281278.544273,0.304242337611,0.0,0.0,0.304242337611,0.497735802284,0.182351381112,0.000689602006971,1.30411241241e-07,0.0,0.0
4515873.09327,0.421883163115,0.0,0.0,0.421883163115,0.251703177983,0.256688079318,0.000559962584364,2.56002422104e-07,0.0,0.0
17001.6593874,0.187321108224,0.0,0.0,0.187321108224,0.505919294469,0.392567325909,0.00179947505887,2.09357439325e-06,0.0,0.0
102237.295959,0.272307405284,0.0,0.0,0.272307405284,0.611918506518,0.160095784031,0.000729747883525,1.02068089868e-07,0.0,0.0
53229.2466723,0.260193144739,0.0,0.0,0.260193144739,0.618725332222,0.148023222037,0.000734632733421,9.39644728548e-08,0.0,0.0
6420.95388447,0.176586958027,0.0,0.0,0.176586958027,0.589596764959,0.312140487872,0.00463381779401,9.54216304709e-06,0.0,0.0
4465.13846148,0.170395084016,0.0,0.0,0.170395084016,0.631969334289,0.211898076109,0.0043425323047,5.11543144575e-06,0.0,0.0
2028875.70588,0.375744959327,0.0,0.0,0.375744959327,0.534288048901,0.0644142795704,0.000762902436463,4.85359539348e-08,0.0,0.0
120269.387774,0.279331464396,0.0,0.0,0.279331464396,0.623468211289,0.239869438571,0.00123626120639,4.59156513001e-07,0.0,0.0
296220.30712,0.282989804594,0.0,0.0,0.282989804594,0.754139996659,0.134549929316,0.0012130084543,1.93078156542e-07,0.0,0.0
24407.8882809,0.218697030357,0.0,0.0,0.218697030357,0.495391864447,0.400903693685,0.00127000025632,1.07958329614e-06,0.0,0.0
148435.283241,0.290011572176,0.0,0.0,0.290011572176,0.675655963296,0.124333349974,0.000771790887841,7.86586657982e-08,0.0,0.0
242645.314076,0.287855557764,0.0,0.0,0.287855557764,0.816363223886,0.023601360525,0.000904135603096,1.50152907187e-08,0.0,0.0
95023.8059967,0.247335727257,0.0,0.0,0.247335727257,0.673827503817,0.231925874504,0.00150387066974,6.07011990159e-07,0.0,0.0
22302.6704504,0.214610643129,0.0,0.0,0.214610643129,0.691730552127,0.158367982138,0.000952407752526,1.54692297231e-07,0.0,0.0
8121.92901848,0.202003239529,0.0,0.0,0.202003239529,0.661445876457,0.224739316646,0.0046134131121,5.87186812262e-06,0.0,0.0
66929.2491469,0.268907896579,0.0,0.0,0.268907896579,0.457492893136,0.356188782113,0.000613769839706,2.320627092e-07,0.0,0.0
1300608.66049,0.356664907914,0.0,0.0,0.356664907914,0.561482793633,0.120585209766,0.000733916387036,8.34306811666e-08,0.0,0.0
925583.442096,0.360732509076,0.0,0.0,0.360732509076,0.484394962539,0.119980421863,0.000721247616859,9.3832189002e-08,0.0,0.0
5933.58063119,0.201546619185,0.0,0.0,0.201546619185,0.532764974565,0.310308633332,0.00453514799669,1.01202400236e-05,0.0,0.0
126374.348478,0.300960226034,0.0,0.0,0.300960226034,0.619137533371,0.0587617824675,0.000773613671646,3.86264043487e-08,0.0,0.0
70772.8474316,0.246908187104,0.0,0.0,0.246908187104,0.775931738458,0.095321261731,0.00166477019327,2.46628287502e-07,0.0,0.0
433254.41844,0.315690943682,0.0,0.0,0.315690943682,0.610045443281,0.205003916395,0.000719653827695,1.29943805196e-07,0.0,0.0
755255.097736,0.339976779834,0.0,0.0,0.339976779834,0.55653113063,0.0785215087833,0.000756635698427,5.65177789794e-08,0.0,0.0
1578025.60178,0.37094896653,0.0,0.0,0.37094896653,0.336989251959,0.282735427452,0.000587989594057,2.29364744014e-07,0.0,0.0
13799.8856578,0.204023051558,0.0,0.0,0.204023051558,0.822411220232,0.0432315331186,0.00277241122703,2.79674359217e-07,0.0,0.0
27159.928885,0.222229691143,0.0,0.0,0.222229691143,0.806299730881,0.0833192883022,0.00319519966286,7.72224593493e-07,0.0,0.0
38150.6095423,0.24273227916,0.0,0.0,0.24273227916,0.595949086821,0.305342132395,0.00198786951149,1.64116591883e-06,0.0,0.0
67949.444044,0.245144496702,0.0,0.0,0.245144496702,0.626874943845,0.207733695593,0.000732865445236,1.3306760507e-07,0.0,0.0
3022738.37962,0.378727982907,0.0,0.0,0.378727982907,0.445522340926,0.280873859069,0.000628027114268,1.93032769723e-07,0.0,0.0
2838.9783239,0.152923245091,0.0,0.0,0.152923245091,0.739401699417,0.102991417633,0.00438493823992,2.02888643021e-06,0.0,0.0
9991.09582011,0.17454644452,0.0,0.0,0.17454644452,0.577458839354,0.309332110251,0.00194970473984,1.65416291562e-06,0.0,0.0
147009.436606,0.283483378052,0.0,0.0,0.283483378052,0.520055986575,0.335981809721,0.000740857260791,2.82786932689e-07,0.0,0.0
11980.6534016,0.189635816116,0.0,0.0,0.189635816116,0.486539347907,0.389139103009,0.00213228772056,3.05051198533e-06,0.0,0.0
15691.6778732,0.185124542983,0.0,0.0,0.185124542983,0.673730722416,0.240761564187,0.00337165885909,3.26997320616e-06,0.0,0.0
968934.164988,0.337480116622,0.0,0.0,0.337480116622,0.545765146908,0.248125981985,0.000676982213526,1.58522384322e-07,0.0,0.0
15612.8688615,0.189976702159,0.0,0.0,0.189976702159,0.728905276393,0.167384271805,0.00264563847415,1.24176638907e-06,0.0,0.0
221750.503191,0.306198520695,0.0,0.0,0.306198520695,0.365786021734,0.366242611594,0.000564140514241,2.54925526502e-07,0.0,0.0
31243.9832812,0.22308947241,0.0,0.0,0.22308947241,0.65562131847,0.252880855621,0.00162798991799,8.08235575843e-07,0.0,0.0
491697.015526,0.338554270037,0.0,0.0,0.338554270037,0.416838163317,0.287813602915,0.000615824474741,2.04488386898e-07,0.0,0.0
14134.4191773,0.161810917272,0.0,0.0,0.161810917272,0.651608862346,0.257585910357,0.00135443316513,5.68326652466e-07,0.0,0.0
26401.5865936,0.217862658963,0.0,0.0,0.217862658963,0.551554366834,0.348331228452,0.00254333860639,3.39305601878e-06,0.0,0.0
5750.64141127,0.161095478791,0.0,0.0,0.161095478791,0.725528241028,0.166813549797,0.00369796610865,2.45852367965e-06,0.0,0.0
2498660.84606,0.367072590139,0.0,0.0,0.367072590139,0.455204408861,0.261849482269,0.000640743699329,1.82255981572e-07,0.0,0.0
56185.7133551,0.246038107209,0.0,0.0,0.246038107209,0.789817843705,0.086705242965,0.00136394669806,1.46295264822e-07,0.0,0.0
21075.0409845,0.174622068245,0.0,0.0,0.174622068245,0.719116004903,0.175326368688,0.00106423372938,2.0617166378e-07,0.0,0.0
119934.747356,0.250216295829,0.0,0.0,0.250216295829,0.657856911751,0.213384726345,0.000818998963242,1.64166728549e-07,0.0,0.0
48012.5089145,0.242919315145,0.0,0.0,0.242919315145,0.403015620667,0.444580651004,0.000577224202996,2.97816014544e-07,0.0,0.0
57582.4322232,0.255445719564,0.0,0.0,0.255445719564,0.360012022267,0.478412168682,0.000885157797463,8.75602333519e-07,0.0,0.0
5184764.02448,0.404037858331,0.0,0.0,0.404037858331,0.381413049849,0.202275954902,0.000647690566431,1.70705796526e-07,0.0,0.0
20373756.502,0.486085181279,0.0,0.0,0.486085181279,0.287437450654,0.0357033657221,0.000761175663762,4.98844261593e-08,0.0,0.0
309665.622878,0.324217171529,0.0,0.0,0.324217171529,0.207463123912,0.482704833971,0.000430667233159,3.63259587942e-07,0.0,0.0
51056.7027682,0.244425531623,0.0,0.0,0.244425531623,0.727460487394,0.125957915596,0.00200909531401,5.21667834517e-07,0.0,0.0
2578.27265247,0.100432012051,0.0,0.0,0.100432012051,0.80263348624,0.0688478584943,0.00326480513701,6.60872285869e-07,0.0,0.0
5108.64858979,0.150578178664,0.0,0.0,0.150578178664,0.637090961513,0.262353616068,0.00421511335709,6.00328155564e-06,0.0,0.0
5098407.22732,0.402603048516,0.0,0.0,0.402603048516,0.482014260315,0.123987114752,0.000718445245009,9.69463437108e-08,0.0,0.0
4002.41529276,0.165172444975,0.0,0.0,0.165172444975,0.672892833105,0.166412090396,0.0042471904684,3.52505547179e-06,0.0,0.0
28159.5043943,0.222824691432,0.0,0.0,0.222824691432,0.587724649676,0.283515358774,0.00200365646062,1.56211952733e-06,0.0,0.0
5191974.14216,0.427732052125,0.0,0.0,0.427732052125,0.291973687624,0.17601133972,0.000631732929372,1.86167270178e-07,0.0,0.0
7636.9959343,0.166582013871,0.0,0.0,0.166582013871,0.822767943664,0.0526290067819,0.00353491090132,5.66659168874e-07,0.0,0.0
7552.8717762,0.140824463088,0.0,0.0,0.140824463088,0.780726298507,0.127625508421,0.0033605868399,1.40216142127e-06,0.0,0.0
2331866.51961,0.401857164918,0.0,0.0,0.401857164918,0.321127131036,0.143520160448,0.000666670574059,1.50661498223e-07,0.0,0.0
404004.42183,0.285265814927,0.0,0.0,0.285265814927,0.806202936606,0.0583081387541,0.00114285879032,6.4970370882e-08,0.0,0.0
73924.5649776,0.227927242744,0.0,0.0,0.227927242744,0.625839479353,0.27728512893,0.00141769824737,7.06826048883e-07,0.0,0.0
40261.2236416,0.232020012037,0.0,0.0,0.232020012037,0.393826557578,0.494369859837,0.000846365680457,7.56499930834e-07,0.0,0.0
8956325.98548,0.427099127593,0.0,0.0,0.427099127593,0.575086297106,0.0282459894922,0.000790471292489,1.98787491634e-08,0.0,0.0
2476.84432402,0.151749639476,0.0,0.0,0.151749639476,0.608522377567,0.230645060005,0.00423319500576,5.53475776405e-06,0.0,0.0
18810.5441815,0.223679589786,0.0,0.0,0.223679589786,0.63529615483,0.233687635754,0.003092216174,2.82798424958e-06,0.0,0.0
3348.8583324,0.12941790275,0.0,0.0,0.12941790275,0.869031325425,0.0314801203428,0.00454507399552,5.13371556808e-07,0.0,0.0
1435237.34459,0.340398818176,0.0,0.0,0.340398818176,0.561612743095,0.186451648081,0.000703151296931,1.22105915498e-07,0.0,0.0
21747.8349371,0.185473170496,0.0,0.0,0.185473170496,0.658238368919,0.262262619659,0.00184088534226,1.07531241667e-06,0.0,0.0
4021.29426752,0.15815038791,0.0,0.0,0.15815038791,0.381099527879,0.483725241658,0.00360802325929,1.46533756594e-05,0.0,0.0
99937.4924776,0.276502599223,0.0,0.0,0.276502599223,0.39177801058,0.440834128677,0.000563092669933,2.88983953804e-07,0.0,0.0
25079.2746556,0.206374315797,0.0,0.0,0.206374315797,0.801812830499,0.0802943220054,0.001179134878,9.7999494436e-08,0.0,0.0
21282.7808201,0.21145049861,0.0,0.0,0.21145049861,0.481848792049,0.415264969442,0.00213322893639,3.30934710502e-06,0.0,0.0
4663.72642967,0.179998283948,0.0,0.0,0.179998283948,0.704455824045,0.121276435235,0.00407179909025,2.1919370101e-06,0.0,0.0
1210730.6969,0.356222510612,0.0,0.0,0.356222510612,0.42088592132,0.227240381231,0.000645996595248,1.73104052296e-07,0.0,0.0
909379.895606,0.328653403391,0.0,0.0,0.328653403391,0.355885987147,0.431514923928,0.000538208637506,2.84519739481e-07,0.0,0.0
1939976.97261,0.366495809869,0.0,0.0,0.366495809869,0.50326952952,0.176574760021,0.000692983533588,1.2573572406e-07,0.0,0.0
109572.09118,0.261133490224,0.0,0.0,0.261133490224,0.597687082934,0.283048772848,0.00101467419485,3.83090814887e-07,0.0,0.0
3215320.60567,0.393955856435,0.0,0.0,0.393955856435,0.409883223256,0.209160406567,0.000652486542767,1.66268814087e-07,0.0,0.0
46954.3162749,0.242116488503,0.0,0.0,0.242116488503,0.446187455198,0.448715419528,0.00148748583087,1.87707279949e-06,0.0,0.0
3305.56591094,0.149479416709,0.0,0.0,0.149479416709,0.779376486971,0.0694318468872,0.00436892473169,1.24666173652e-06,0.0,0.0
115402.642534,0.272796206725,0.0,0.0,0.272796206725,0.466933834529,0.416678821184,0.000980857419811,7.08996879193e-07,0.0,0.0
919660.703604,0.319190543653,0.0,0.0,0.319190543653,0.619317844995,0.210211211907,0.000729742484684,1.35312933183e-07,0.0,0.0
42850.9195515,0.236542478279,0.0,0.0,0.236542478279,0.864274354574,0.024811677513,0.00155364335356,4.51148845601e-08,0.0,0.0
25394.9755319,0.221058318128,0.0,0.0,0.221058318128,0.820046570288,0.0432734463933,0.00152706817075,8.34491989717e-08,0.0,0.0
31079.1896698,0.22430807789,0.0,0.0,0.22430807789,0.687241750675,0.204360483439,0.00281936980081,1.86395243054e-06,0.0,0.0
120100.504165,0.25435224546,0.0,0.0,0.25435224546,0.611086584191,0.262216377468,0.000729925457038,1.74503332119e-07,0.0,0.0
1246298.61597,0.352940074516,0.0,0.0,0.352940074516,0.646098180906,0.108195786131,0.00075515007306,6.7715611581e-08,0.0,0.0
21766.7444884,0.213146360361,0.0,0.0,0.213146360361,0.731140291593,0.162895286674,0.00240071294118,9.84514703967e-07,0.0,0.0
14633.2051705,0.206739850875,0.0,0.0,0.206739850875,0.739434882926,0.14579660782,0.00274869756648,1.13872624679e-06,0.0,0.0
25620.9344005,0.191379186715,0.0,0.0,0.191379186715,0.729569141949,0.178845514662,0.00241257589333,1.10581494266e-06,0.0,0.0
2854.39039323,0.103413808784,0.0,0.0,0.103413808784,0.664905898262,0.229618437534,0.0038808269381,4.19675411994e-06,0.0,0.0
9603.93575339,0.184901844189,0.0,0.0,0.184901844189,0.82801883311,0.0693592264028,0.00295100320578,5.2404161493e-07,0.0,0.0
665081.094269,0.342583246532,0.0,0.0,0.342583246532,0.300874664373,0.35595755046,0.000537446749304,2.76158785294e-07,0.0,0.0
110890.303058,0.255630849496,0.0,0.0,0.255630849496,0.518096194321,0.366145657796,0.00108019457218,6.71101362325e-07,0.0,0.0
1001428.72415,0.345854530531,0.0,0.0,0.345854530531,0.610530652717,0.0313818445629,0.000790819061772,2.08945383686e-08,0.0,0.0
419033.461046,0.299478039622,0.0,0.0,0.299478039622,0.51370460506,0.353655838663,0.000695837786598,2.64047193437e-07,0.0,0.0
36308.3469962,0.214949306587,0.0,0.0,0.214949306587,0.606014866787,0.271788022411,0.000766285426722,2.02904415292e-07,0.0,0.0
106435.445353,0.247036090343,0.0,0.0,0.247036090343,0.710194977784,0.173044073076,0.00100274121824,1.82620598818e-07,0.0,0.0
428085.070582,0.307095643911,0.0,0.0,0.307095643911,0.573960320717,0.235152124485,0.000694947305055,1.49622905527e-07,0.0,0.0
4243.76463463,0.174194533954,0.0,0.0,0.174194533954,0.680304046552,0.148097889389,0.00443685185648,3.36009489403e-06,0.0,0.0
2578889.97194,0.387567826771,0.0,0.0,0.387567826771,0.577040759367,0.0929476774642,0.000750590726967,6.41082586105e-08,0.0,0.0
1760.91813674,0.124896542106,0.0,0.0,0.124896542106,0.732863650938,0.0611772352503,0.00306311785375,5.63061389688e-07,0.0,0.0
4678.83595187,0.181830449502,0.0,0.0,0.181830449502,0.511213509491,0.323495255415,0.00402884492435,8.68412866834e-06,0.0,0.0
204781.756358,0.290793694649,0.0,0.0,0.290793694649,0.460006567684,0.305421158477,0.000624395969555,2.01765336451e-07,0.0,0.0
274528.505606,0.284626038254,0.0,0.0,0.284626038254,0.677669068775,0.158829339393,0.000799438836316,1.10335648462e-07,0.0,0.0
85527.5136181,0.266274644019,0.0,0.0,0.266274644019,0.785250559804,0.0606698696551,0.0013719815721,1.01013329259e-07,0.0,0.0
5604320.58731,0.408032526879,0.0,0.0,0.408032526879,0.375996599395,0.266447471167,0.000611272760393,2.07095598016e-07,0.0,0.0
32117.267881,0.225166947438,0.0,0.0,0.225166947438,0.546444241619,0.284944524272,0.000676071586578,1.83651535451e-07,0.0,0.0
4833.58553453,0.153494202099,0.0,0.0,0.153494202099,0.787449376059,0.112940253872,0.00494671719067,2.67780973786e-06,0.0,0.0
2531.41163923,0.110189207148,0.0,0.0,0.110189207148,0.635228438624,0.265380425732,0.00428100966609,6.28597721318e-06,0.0,0.0
127164.717999,0.263958572225,0.0,0.0,0.263958572225,0.565940603793,0.286101830343,0.000719095401088,2.02461227737e-07,0.0,0.0
7984.74286438,0.183093695506,0.0,0.0,0.183093695506,0.793254218203,0.0858230414843,0.00321475963418,8.21665862273e-07,0.0,0.0
255439.110549,0.310121750672,0.0,0.0,0.310121750672,0.236147903163,0.511083194777,0.000443044519926,3.56159265025e-07,0.0,0.0
48870.6722506,0.213806814073,0.0,0.0,0.213806814073,0.636240614623,0.279532830312,0.00162786022722,9.28587298283e-07,0.0,0.0
22306.8809922,0.241813751128,0.0,0.0,0.241813751128,0.309043795042,0.438116105139,0.000510850185119,3.02478709623e-07,0.0,0.0
2679177.32758,0.38191147982,0.0,0.0,0.38191147982,0.373827497491,0.240824573919,0.000623782842594,1.94834908764e-07,0.0,0.0
29377.4096907,0.218539608792,0.0,0.0,0.218539608792,0.400439266711,0.45962455743,0.000574670607387,3.08139144497e-07,0.0,0.0
12669.6661503,0.18266238433,0.0,0.0,0.18266238433,0.553329797518,0.31294080765,0.00112348312962,5.71690336082e-07,0.0,0.0
10036.4028799,0.152026246968,0.0,0.0,0.152026246968,0.828823321598,0.0777375703706,0.00186034881142,2.3220253539e-07,0.0,0.0
114851.690777,0.257307521168,0.0,0.0,0.257307521168,0.765061718265,0.0548852764193,0.000825808468731,3.28315082146e-08,0.0,0.0
6730.48574416,0.204799303613,0.0,0.0,0.204799303613,0.588869317729,0.239717818689,0.00346250650253,3.96941571173e-06,0.0,0.0
17512.5934435,0.208976002056,0.0,0.0,0.208976002056,0.463466941727,0.406764552613,0.00146419733618,1.5685108616e-06,0.0,0.0
33718.2630046,0.245793057075,0.0,0.0,0.245793057075,0.543039016074,0.332571913057,0.00178046344543,1.58782374845e-06,0.0,0.0
1046484.86685,0.349989124884,0.0,0.0,0.349989124884,0.436008686807,0.334577969832,0.00060582015964,2.21640328451e-07,0.0,0.0
7047.76554206,0.193581453996,0.0,0.0,0.193581453996,0.670471342932,0.213349460669,0.00482256685951,5.99252311555e-06,0.0,0.0
3215.24103972,0.11331834203,0.0,0.0,0.11331834203,0.53519065522,0.374469984876,0.00370000784429,8.13082084074e-06,0.0,0.0
202057.037352,0.297232891931,0.0,0.0,0.297232891931,0.623959770107,0.158047676123,0.000733066175059,9.94865708858e-08,0.0,0.0
37027.3034245,0.233082236736,0.0,0.0,0.233082236736,0.515941456938,0.38304281524,0.00136782594469,1.14381883512e-06,0.0,0.0
3995.58289931,0.146267569812,0.0,0.0,0.146267569812,0.436168090001,0.436658465624,0.00256147356921,5.64303111947e-06,0.0,0.0
60884.1318197,0.243948602796,0.0,0.0,0.243948602796,0.602098441048,0.256678583245,0.000730089227892,1.73572569507e-07,0.0,0.0
124022.852701,0.248530055595,0.0,0.0,0.248530055595,0.639978649727,0.251257720203,0.00084073132325,2.12228545576e-07,0.0,0.0
30142.4043423,0.239468089759,0.0,0.0,0.239468089759,0.559372214229,0.318260959766,0.00261032290129,3.19718482348e-06,0.0,0.0
212336.754994,0.280685403846,0.0,0.0,0.280685403846,0.865493259594,0.0208454570853,0.00146918786092,3.32855316285e-08,0.0,0.0
615412.792531,0.309625170043,0.0,0.0,0.309625170043,0.653708793151,0.158137479956,0.000745743074208,9.81467897471e-08,0.0,0.0
73950.3426003,0.259099983615,0.0,0.0,0.259099983615,0.53672612312,0.272106405412,0.000668934374248,1.74004146961e-07,0.0,0.0
62497.1994417,0.25161534127,0.0,0.0,0.25161534127,0.643620832888,0.237899853609,0.00106889414816,3.26517056381e-07,0.0,0.0
42088.5357976,0.248452732372,0.0,0.0,0.248452732372,0.650996465465,0.211427512949,0.00159706993934,6.43405073313e-07,0.0,0.0
200313.070585,0.30973668674,0.0,0.0,0.30973668674,0.351037378341,0.383121915845,0.00055147442036,2.67047754315e-07,0.0,0.0
5137746.10534,0.410366236917,0.0,0.0,0.410366236917,0.420352432297,0.226682641188,0.000645998416388,1.72873602758e-07,0.0,0.0
868115.803872,0.332790821172,0.0,0.0,0.332790821172,0.583280927649,0.125289747223,0.000734772153514,8.36485852629e-08,0.0,0.0
94533.871265,0.251485179881,0.0,0.0,0.251485179881,0.660986706194,0.162158679855,0.000762377886542,1.04492854416e-07,0.0,0.0
5169.06014142,0.196312130268,0.0,0.0,0.196312130268,0.663633103196,0.175487615585,0.00434508355556,3.9684346073e-06,0.0,0.0
14548.2071294,0.202562966532,0.0,0.0,0.202562966532,0.742168649811,0.150478414001,0.00396982969547,2.48254325199e-06,0.0,0.0
88041.7718899,0.249383864197,0.0,0.0,0.249383864197,0.697725114456,0.190200000012,0.00128011610362,3.4040642273e-07,0.0,0.0
103197.59168,0.25429907285,0.0,0.0,0.25429907285,0.75214897451,0.142248656608,0.00170196693045,4.11456418153e-07,0.0,0.0
248617.767331,0.291658811464,0.0,0.0,0.291658811464,0.737147725474,0.0527447708091,0.000801577497613,3.07417529301e-08,0.0,0.0
51592.9452522,0.240751860185,0.0,0.0,0.240751860185,0.72190459772,0.179955397856,0.00172177493116,5.6761307614e-07,0.0,0.0
304957.26959,0.330433067162,0.0,0.0,0.330433067162,0.312628353466,0.307027770524,0.000565280965198,2.50653551496e-07,0.0,0.0
104432.646331,0.253829966799,0.0,0.0,0.253829966799,0.668473989643,0.243472133721,0.00179836707912,9.31543413937e-07,0.0,0.0
431081.595043,0.307918847434,0.0,0.0,0.307918847434,0.475278933545,0.364219170784,0.000624261580212,2.35830230041e-07,0.0,0.0
101216.568385,0.267008078822,0.0,0.0,0.267008078822,0.561833419965,0.332581487516,0.00133421527013,8.54205022651e-07,0.0,0.0
6694.65751712,0.201704055252,0.0,0.0,0.201704055252,0.561555196177,0.307620067723,0.00456482576108,9.60220537812e-06,0.0,0.0
11732.7159086,0.148903798716,0.0,0.0,0.148903798716,0.681192757873,0.220708112901,0.00137531964411,4.74003730351e-07,0.0,0.0
53920.4416402,0.23761514366,0.0,0.0,0.23761514366,0.305305904687,0.571656304573,0.000544908137693,4.70912499182e-07,0.0,0.0
3043203.01566,0.406643172325,0.0,0.0,0.406643172325,0.362418323851,0.084131341351,0.000725376311726,8.8537921244e-08,0.0,0.0
24445.3733107,0.206696339074,0.0,0.0,0.206696339074,0.685636329885,0.221626115575,0.00147935705501,5.49074493838e-07,0.0,0.0
274846.523724,0.322518202632,0.0,0.0,0.322518202632,0.550534104177,0.133980845175,0.000724901545205,9.30491784631e-08,0.0,0.0
335574.042522,0.325795427668,0.0,0.0,0.325795427668,0.575878768209,0.0238373346083,0.000793543713069,1.66721885025e-08,0.0,0.0
5147943.8883,0.41589382991,0.0,0.0,0.41589382991,0.464359682212,0.0603835934437,0.000759287877663,5.2138242961e-08,0.0,0.0
2169410.58324,0.373619646441,0.0,0.0,0.373619646441,0.409955126774,0.186325909464,0.00066517970592,1.52712289399e-07,0.0,0.0
630023.537077,0.327944104688,0.0,0.0,0.327944104688,0.648953030006,0.151440574449,0.000751174416187,9.59043418692e-08,0.0,0.0
261649.567879,0.324777632159,0.0,0.0,0.324777632159,0.518353654189,0.164673279246,0.000701464713123,1.15852002312e-07,0.0,0.0
23172.4099948,0.207628994428,0.0,0.0,0.207628994428,0.424874207704,0.467286421895,0.00119500114785,1.32487315394e-06,0.0,0.0
6440.32221939,0.148509912003,0.0,0.0,0.148509912003,0.300771484045,0.588698220261,0.00128498261051,2.84445396588e-06,0.0,0.0
2441212.34542,0.3935389422,0.0,0.0,0.3935389422,0.49693046546,0.102300503295,0.000734266175511,7.97793158139e-08,0.0,0.0
7088.25417186,0.184587909369,0.0,0.0,0.184587909369,0.685408717976,0.207246766361,0.00478041289568,5.57120357756e-06,0.0,0.0
92128.5003111,0.249685681112,0.0,0.0,0.249685681112,0.640878093006,0.215724419364,0.000975929134577,2.46687137965e-07,0.0,0.0
181927.396943,0.274832977649,0.0,0.0,0.274832977649,0.586902714409,0.291150923142,0.000974739666115,3.71378746892e-07,0.0,0.0
113310.699883,0.249981838168,0.0,0.0,0.249981838168,0.851255279811,0.0176006065914,0.00125448128111,2.04805442944e-08,0.0,0.0
3943.78577208,0.185780361751,0.0,0.0,0.185780361751,0.298978582542,0.519190565242,0.00320387414474,1.61000718959e-05,0.0,0.0
5489749.9435,0.423744682827,0.0,0.0,0.423744682827,0.41638349661,0.0437275915391,0.000768138659868,4.24310729023e-08,0.0,0.0
136188.4605,0.280583649585,0.0,0.0,0.280583649585,0.759034316338,0.0816037673444,0.00109738818092,9.15294416909e-08,0.0,0.0
26050.0411889,0.226451408832,0.0,0.0,0.226451408832,0.421812472202,0.445876040254,0.000647512653623,3.6392848739e-07,0.0,0.0
7345.73196131,0.155239390676,0.0,0.0,0.155239390676,0.700456447934,0.212285379781,0.00336302981629,2.72523721267e-06,0.0,0.0
9991.38688793,0.210864703203,0.0,0.0,0.210864703203,0.797279369943,0.0577444076584,0.00349425122179,6.32252388966e-07,0.0,0.0
71269.2460935,0.250628969844,0.0,0.0,0.250628969844,0.405623171838,0.476961517006,0.00137410768389,1.88819517344e-06,0.0,0.0
22867.8740615,0.206846499715,0.0,0.0,0.206846499715,0.481988380613,0.413239949459,0.00174976826548,2.19975762035e-06,0.0,0.0
458111.866193,0.323244862002,0.0,0.0,0.323244862002,0.550698741073,0.224482123412,0.000686581286204,1.45056120248e-07,0.0,0.0
49460.2547224,0.251032109662,0.0,0.0,0.251032109662,0.562076945549,0.337235411074,0.0020373136465,2.04580247869e-06,0.0,0.0
235685.727252,0.291059234698,0.0,0.0,0.291059234698,0.647670647864,0.215919311511,0.000971126404905,2.40931795719e-07,0.0,0.0
13942.7105495,0.17963091825,0.0,0.0,0.17963091825,0.620766396362,0.294461530675,0.00186548965528,1.33301106013e-06,0.0,0.0
74262.4324746,0.23461648152,0.0,0.0,0.23461648152,0.669814589068,0.215084145364,0.00149180210298,5.56445015768e-07,0.0,0.0
1045347.10151,0.346466151643,0.0,0.0,0.346466151643,0.709500176644,0.0471034808534,0.000791428371648,2.75644408477e-08,0.0,0.0
420076.363889,0.324799604158,0.0,0.0,0.324799604158,0.313569056418,0.364506015659,0.000540376838339,2.74024589647e-07,0.0,0.0
503452.242688,0.31979113756,0.0,0.0,0.31979113756,0.441719295821,0.375346713843,0.000599071168384,2.41982763725e-07,0.0,0.0
16854.9175692,0.209556106679,0.0,0.0,0.209556106679,0.681921821123,0.220207912581,0.0037673574781,3.6785592194e-06,0.0,0.0
2259772.02107,0.370892973118,0.0,0.0,0.370892973118,0.572307778861,0.18668880044,0.000704293450013,1.20212121118e-07,0.0,0.0
130730.826419,0.259297351117,0.0,0.0,0.259297351117,0.79021035027,0.0770139430328,0.00117805966459,9.54586077189e-08,0.0,0.0
3466.75605483,0.102094736839,0.0,0.0,0.102094736839,0.663377935232,0.258607848515,0.0040797400914,5.29261623744e-06,0.0,0.0
172709.632991,0.283095635283,0.0,0.0,0.283095635283,0.404362970017,0.45599222265,0.000616453958562,3.52046513418e-07,0.0,0.0
194051.322325,0.293003143811,0.0,0.0,0.293003143811,0.367842119321,0.456387099994,0.000549093419324,3.05057607426e-07,0.0,0.0
441060.621856,0.308700011043,0.0,0.0,0.308700011043,0.600204471865,0.193035837849,0.000711643587185,1.21004157734e-07,0.0,0.0
12852.3264581,0.196124452532,0.0,0.0,0.196124452532,0.60044366933,0.297117077106,0.00336573203476,4.62426180916e-06,0.0,0.0
38126.898751,0.21668959702,0.0,0.0,0.21668959702,0.63842429146,0.263986877567,0.00142159722832,6.59712208444e-07,0.0,0.0
28132.1657979,0.215216839433,0.0,0.0,0.215216839433,0.602115893062,0.236848097088,0.000725716836359,1.57305346983e-07,0.0,0.0
5284.8222927,0.190067631078,0.0,0.0,0.190067631078,0.690665937151,0.130227195209,0.00383959384271,2.14382388639e-06,0.0,0.0
84774.9467498,0.261131736162,0.0,0.0,0.261131736162,0.603797730078,0.241780791461,0.000704209533505,1.50103788439e-07,0.0,0.0
3197.11301166,0.186869736023,0.0,0.0,0.186869736023,0.482125624773,0.314086403964,0.00380457139576,7.96963452126e-06,0.0,0.0
43241.106425,0.237030864895,0.0,0.0,0.237030864895,0.739704703169,0.163685773979,0.00218898875616,8.12338792291e-07,0.0,0.0
73973.005663,0.252159755034,0.0,0.0,0.252159755034,0.430389137418,0.391686673429,0.000589201276705,2.51764208636e-07,0.0,0.0
63688.5499403,0.235763738853,0.0,0.0,0.235763738853,0.61515610783,0.298776517333,0.00186453978253,1.3667670035e-06,0.0,0.0
6144.31194031,0.210736646289,0.0,0.0,0.210736646289,0.470885565545,0.306375299752,0.00333462868776,6.08408284057e-06,0.0,0.0
4450.84936834,0.096327731617,0.0,0.0,0.096327731617,0.745118389867,0.159446459264,0.00205931904126,6.92295560763e-07,0.0,0.0
593564.924553,0.312396958974,0.0,0.0,0.312396958974,0.63571639083,0.186859205467,0.000733890747631,1.17167612187e-07,0.0,0.0
5949.10020237,0.130200369341,0.0,0.0,0.130200369341,0.56022350006,0.339592833495,0.002287911161,2.62079167825e-06,0.0,0.0
196068.184905,0.272546192362,0.0,0.0,0.272546192362,0.459379620922,0.432578782692,0.00102513394105,8.20243126461e-07,0.0,0.0
266542.951373,0.299772494845,0.0,0.0,0.299772494845,0.524885138433,0.29208607791,0.000673005598045,1.95466331374e-07,0.0,0.0
213039.966871,0.273016878285,0.0,0.0,0.273016878285,0.70047724429,0.194134391471,0.00140224813049,4.17598300512e-07,0.0,0.0
391819.396307,0.318001399833,0.0,0.0,0.318001399833,0.467530239459,0.259212937122,0.000645596418717,1.77947775217e-07,0.0,0.0
41550.2900169,0.240784222856,0.0,0.0,0.240784222856,0.451282630819,0.442446943082,0.001401790707,1.61739432228e-06,0.0,0.0
3557.77586928,0.142931417917,0.0,0.0,0.142931417917,0.52276586381,0.354052381051,0.00370273325656,7.86931681762e-06,0.0,0.0
22688.6522433,0.22753745213,0.0,0.0,0.22753745213,0.698717920153,0.156879026058,0.00315740106848,1.73509680571e-06,0.0,0.0
865696.027892,0.353568576588,0.0,0.0,0.353568576588,0.53589371416,0.0818997601472,0.000752682316405,6.09311694067e-08,0.0,0.0
54213.8234376,0.222035526318,0.0,0.0,0.222035526318,0.582648009532,0.307849939255,0.00088535276021,3.24932816291e-07,0.0,0.0
48408.6069407,0.247814750493,0.0,0.0,0.247814750493,0.553568721242,0.343531712298,0.00168213358862,1.43700425904e-06,0.0,0.0
3083143.10601,0.410395329261,0.0,0.0,0.410395329261,0.469890483722,0.0236020771763,0.000789070203658,2.02879652998e-08,0.0,0.0
85812.9149337,0.263346644775,0.0,0.0,0.263346644775,0.642194259323,0.225302518213,0.0011767332589,3.75723605464e-07,0.0,0.0
7998.16927505,0.161505498495,0.0,0.0,0.161505498495,0.734743777793,0.15032365429,0.00190137661374,5.59004660201e-07,0.0,0.0
56849.3520202,0.232784812896,0.0,0.0,0.232784812896,0.759665404482,0.125535957594,0.0011780334044,1.67586686392e-07,0.0,0.0
3193.86030901,0.146156700144,0.0,0.0,0.146156700144,0.687296561235,0.189817410438,0.00454246559142,4.54899814777e-06,0.0,0.0
5390047.53503,0.40774114836,0.0,0.0,0.40774114836,0.49947736545,0.109659658291,0.000730259164279,8.45448266408e-08,0.0,0.0
10898.2183402,0.145781222992,0.0,0.0,0.145781222992,0.621671019827,0.295480778853,0.00218347741065,1.83741048154e-06,0.0,0.0
403422.031483,0.307581923251,0.0,0.0,0.307581923251,0.37012932089,0.372880518566,0.00056428160542,2.5674503597e-07,0.0,0.0
93505.2605482,0.235669751129,0.0,0.0,0.235669751129,0.679459713188,0.201928133571,0.000969991227783,2.11416049397e-07,0.0,0.0
2761.16099055,0.0921841694134,0.0,0.0,0.0921841694134,0.772945210533,0.135672122433,0.00403076924639,2.19099306695e-06,0.0,0.0
2613.01527208,0.126817383721,0.0,0.0,0.126817383721,0.451851349035,0.404104505233,0.00256295263715,5.00875684922e-06,0.0,0.0
2885.33264911,0.136208014915,0.0,0.0,0.136208014915,0.653452660828,0.206417655567,0.00376539398105,3.58685380782e-06,0.0,0.0
6596.94238354,0.101428694853,0.0,0.0,0.101428694853,0.624566662063,0.29866137684,0.00176910726618,1.20571106783e-06,0.0,0.0
98216.26325,0.270559010314,0.0,0.0,0.270559010314,0.477866985696,0.357198413359,0.000641317118604,2.44441989001e-07,0.0,0.0
158194.218549,0.261159896909,0.0,0.0,0.261159896909,0.754669928407,0.0956505917755,0.000975358663193,8.61446334439e-08,0.0,0.0
1358653.83267,0.353512738222,0.0,0.0,0.353512738222,0.355750629763,0.344923696065,0.000568598867048,2.50209182777e-07,0.0,0.0
8527.34977928,0.146464683191,0.0,0.0,0.146464683191,0.440418747363,0.449829767422,0.00102192450337,8.90743869766e-07,0.0,0.0
1772533.70064,0.378674830617,0.0,0.0,0.378674830617,0.348511776998,0.28188921187,0.000593129212746,2.24474102607e-07,0.0,0.0
2735.50851063,0.106505422007,0.0,0.0,0.106505422007,0.732405601518,0.149402357214,0.00398280093369,2.51353549213e-06,0.0,0.0
44715.9727016,0.225757620957,0.0,0.0,0.225757620957,0.565185406959,0.313069588639,0.00126911082412,7.15878209219e-07,0.0,0.0
376644.117638,0.295266246568,0.0,0.0,0.295266246568,0.699352178093,0.161121773209,0.000930093766696,1.4810181809e-07,0.0,0.0
6340.31440031,0.172068589503,0.0,0.0,0.172068589503,0.469308419404,0.41403907879,0.00377521625374,1.08728482245e-05,0.0,0.0
68206.8560325,0.245644399169,0.0,0.0,0.245644399169,0.500161165965,0.376263831228,0.000994687460223,6.07839922547e-07,0.0,0.0
2800.07524501,0.167993733923,0.0,0.0,0.167993733923,0.36133311317,0.451242964869,0.00333900839881,1.22884376221e-05,0.0,0.0
2205.54930821,0.105474660257,0.0,0.0,0.105474660257,0.753033645127,0.134194059703,0.00474705699708,3.10730297449e-06,0.0,0.0
2456.60870536,0.146303489082,0.0,0.0,0.146303489082,0.683535486205,0.143328208911,0.00425855856745,2.96720652887e-06,0.0,0.0
506311.713944,0.341562290942,0.0,0.0,0.341562290942,0.461791720497,0.228673933573,0.000657043646641,1.63310020482e-07,0.0,0.0
564165.53208,0.329170125689,0.0,0.0,0.329170125689,0.55204393191,0.199637527724,0.000694152457781,1.3038275547e-07,0.0,0.0
9382.16562479,0.158809083095,0.0,0.0,0.158809083095,0.858224136861,0.0245083831765,0.00312705309615,1.85594701576e-07,0.0,0.0
8200.29192484,0.183049705764,0.0,0.0,0.183049705764,0.494149620413,0.406639889184,0.00298236762798,6.23813639997e-06,0.0,0.0
1219171.98845,0.335290411721,0.0,0.0,0.335290411721,0.636800805016,0.139454291438,0.00074097852775,8.69293184297e-08,0.0,0.0
8063012.73138,0.424054830671,0.0,0.0,0.424054830671,0.520605854648,0.111587700694,0.000732035355244,8.27995570225e-08,0.0,0.0
554504.421196,0.339400854224,0.0,0.0,0.339400854224,0.269863344419,0.464099241652,0.000479775020849,3.27391833892e-07,0.0,0.0
2169957.07153,0.379185417974,0.0,0.0,0.379185417974,0.448018735345,0.191150561123,0.000672478712516,1.45901139139e-07,0.0,0.0
9833.28002427,0.220426894871,0.0,0.0,0.220426894871,0.72485644356,0.113489653179,0.00386565340247,1.77925508274e-06,0.0,0.0
39472.6406784,0.227893183435,0.0,0.0,0.227893183435,0.614331957088,0.283453176382,0.00204924705475,1.56265193968e-06,0.0,0.0
691265.894564,0.325956153044,0.0,0.0,0.325956153044,0.511978566656,0.197439195415,0.000685760189582,1.36248546803e-07,0.0,0.0
300462.457238,0.31743989936,0.0,0.0,0.31743989936,0.224391311473,0.481132846147,0.000443730832082,3.53687000093e-07,0.0,0.0
3305630.65047,0.403166084818,0.0,0.0,0.403166084818,0.441824400006,0.143454969295,0.000698720017585,1.17633301781e-07,0.0,0.0
6398.12777032,0.173113566846,0.0,0.0,0.173113566846,0.693540742973,0.188518779777,0.00288709129985,1.77509878522e-06,0.0,0.0
11720.6162074,0.190630794524,0.0,0.0,0.190630794524,0.643363959966,0.236690932914,0.00338116637392,3.39316480808e-06,0.0,0.0
64654.9816941,0.250804529572,0.0,0.0,0.250804529572,0.748843328815,0.0740639442015,0.000807308205126,4.42058941062e-08,0.0,0.0
1485.44912161,0.0553627801753,0.0,0.0,0.0553627801753,0.83042279546,0.0542864957598,0.0047266344207,1.04815111739e-06,0.0,0.0
4758.02555585,0.137381548746,0.0,0.0,0.137381548746,0.667179514531,0.219009227602,0.00320254237136,2.6882418413e-06,0.0,0.0
30154.3787653,0.208783912753,0.0,0.0,0.208783912753,0.735669631884,0.163697396155,0.00141240115456,3.34417726413e-07,0.0,0.0
6588.77561927,0.141724857921,0.0,0.0,0.141724857921,0.54712866158,0.337480406865,0.00130896792985,8.58197940929e-07,0.0,0.0
16325.3358318,0.177213021309,0.0,0.0,0.177213021309,0.764586876731,0.117936373497,0.0017456105446,3.47876119098e-07,0.0,0.0
22312.9532395,0.20552278831,0.0,0.0,0.20552278831,0.497132440061,0.372764495174,0.000676462715159,2.7330845551e-07,0.0,0.0
208358.517054,0.282889869004,0.0,0.0,0.282889869004,0.796505859025,0.0692015739168,0.00106974854034,6.90532411917e-08,0.0,0.0
16109.0668251,0.214732371301,0.0,0.0,0.214732371301,0.235861133095,0.588756314481,0.000424484619057,3.807726362e-07,0.0,0.0
5560158.94261,0.391287893972,0.0,0.0,0.391287893972,0.502430516703,0.211622028407,0.000675526654437,1.45249502999e-07,0.0,0.0
17610.2377765,0.188254364508,0.0,0.0,0.188254364508,0.73598320699,0.156406666114,0.00129479769197,2.66299099142e-07,0.0,0.0
2393408.01403,0.371142995378,0.0,0.0,0.371142995378,0.375402238207,0.291396003271,0.000599494402449,2.19509942469e-07,0.0,0.0
88561.0500889,0.265299499329,0.0,0.0,0.265299499329,0.297002950327,0.500119890055,0.000485329155546,3.27768436042e-07,0.0,0.0
36326.3037357,0.214087157335,0.0,0.0,0.214087157335,0.771734905444,0.107089585381,0.000972781240373,9.37576197711e-08,0.0,0.0
352682.028516,0.299489938155,0.0,0.0,0.299489938155,0.526733108649,0.306553799393,0.000673205163219,2.05163383751e-07,0.0,0.0
24732.0486743,0.204933773514,0.0,0.0,0.204933773514,0.835875237499,0.0594200560233,0.0016361465174,1.32785307233e-07,0.0,0.0
1976034.06652,0.383842167554,0.0,0.0,0.383842167554,0.512576268661,0.110241275421,0.00073175173237,8.30375518709e-08,0.0,0.0
15424.6892221,0.178429565728,0.0,0.0,0.178429565728,0.644428485393,0.269415405995,0.00285111145106,2.75330835769e-06,0.0,0.0
2989162.98069,0.378893993579,0.0,0.0,0.378893993579,0.395968083769,0.270511995661,0.000616626150479,2.02695683831e-07,0.0,0.0
276752.421346,0.318470423343,0.0,0.0,0.318470423343,0.586006283318,0.0942303294848,0.000751514193141,6.41583854868e-08,0.0,0.0
18178.9726646,0.204953956664,0.0,0.0,0.204953956664,0.717792984763,0.192995012825,0.00272822887305,1.56561140223e-06,0.0,0.0
2772.50335717,0.168641364499,0.0,0.0,0.168641364499,0.350376245497,0.432185327438,0.00245801660544,6.48605453596e-06,0.0,0.0
155151.526384,0.270276512927,0.0,0.0,0.270276512927,0.709919280776,0.180726242341,0.00125574475179,3.03824678442e-07,0.0,0.0
647061.825294,0.335310295718,0.0,0.0,0.335310295718,0.262610665548,0.361541238709,0.000513823396184,2.96486823636e-07,0.0,0.0
14249.8738561,0.175701048175,0.0,0.0,0.175701048175,0.430935755135,0.455374429008,0.000739350058374,4.74588077016e-07,0.0,0.0
357631.109755,0.306493843153,0.0,0.0,0.306493843153,0.636270803897,0.167284509975,0.000738709838431,1.05339185474e-07,0.0,0.0
4389464.41197,0.407308530704,0.0,0.0,0.407308530704,0.422666866464,0.238665829005,0.000640731958609,1.78637010908e-07,0.0,0.0
875124.303938,0.331559317906,0.0,0.0,0.331559317906,0.370875618451,0.382075891719,0.000561579059449,2.60480197613e-07,0.0,0.0
1492.5675995,0.0873129863432,0.0,0.0,0.0873129863432,0.809801581997,0.0328428651891,0.00427036167345,5.10049701983e-07,0.0,0.0
81149.7570028,0.243574379637,0.0,0.0,0.243574379637,0.597133737042,0.29080810336,0.000916845723916,3.19815634243e-07,0.0,0.0
3330272.1789,0.394873050432,0.0,0.0,0.394873050432,0.318735430347,0.347110504592,0.00055052589167,2.65356741698e-07,0.0,0.0
1797112.86046,0.358220771237,0.0,0.0,0.358220771237,0.454076907248,0.260790674139,0.000640914952319,1.82066114852e-07,0.0,0.0
284192.945023,0.276876915184,0.0,0.0,0.276876915184,0.846402188904,0.0335781133838,0.00136297544022,4.88262560247e-08,0.0,0.0
4735.3170568,0.143230574497,0.0,0.0,0.143230574497,0.654383383405,0.259290572804,0.00436809181179,6.19097695028e-06,0.0,0.0
105517.92422,0.258918053412,0.0,0.0,0.258918053412,0.636744461781,0.214636212336,0.00076667026781,1.49252599215e-07,0.0,0.0
3360.2290208,0.0949362612351,0.0,0.0,0.0949362612351,0.773266926085,0.136428345966,0.00397557029061,2.14373623482e-06,0.0,0.0
29410.3513375,0.229659568591,0.0,0.0,0.229659568591,0.774772153367,0.0736138168957,0.00239413662663,3.91424342638e-07,0.0,0.0
10689.5599771,0.175663113124,0.0,0.0,0.175663113124,0.636455778687,0.213777123206,0.00115479577213,3.45157541597e-07,0.0,0.0
505613.008889,0.299416828827,0.0,0.0,0.299416828827,0.655673866061,0.166010897765,0.00075760217398,1.06690395951e-07,0.0,0.0
16063.3602885,0.186102567189,0.0,0.0,0.186102567189,0.574748084305,0.334737228095,0.00146548257765,1.01613666121e-06,0.0,0.0
1621522.73592,0.373704391245,0.0,0.0,0.373704391245,0.355590217952,0.248517427868,0.000612957376497,2.05186800428e-07,0.0,0.0
368240.668161,0.283064541935,0.0,0.0,0.283064541935,0.625096581556,0.226545044783,0.000754941739831,1.56193334884e-07,0.0,0.0
331430.802508,0.287557998417,0.0,0.0,0.287557998417,0.659338958164,0.234541662979,0.00104134525944,2.95976453e-07,0.0,0.0
28842.2856842,0.226114468435,0.0,0.0,0.226114468435,0.625524654294,0.284702462192,0.0021265233619,1.65971741902e-06,0.0,0.0
365912.859205,0.297510500196,0.0,0.0,0.297510500196,0.691722147478,0.178384715193,0.000864978610337,1.43537113603e-07,0.0,0.0
142763.474843,0.268311714883,0.0,0.0,0.268311714883,0.75672897685,0.0376451933511,0.000814406289362,2.14719681996e-08,0.0,0.0
6449.78942947,0.174360255969,0.0,0.0,0.174360255969,0.841053933515,0.036833649517,0.00448147347976,6.11920981016e-07,0.0,0.0
3983.51418846,0.178766650478,0.0,0.0,0.178766650478,0.762821704006,0.0747360336789,0.00465267575078,1.56930183463e-06,0.0,0.0
2814038.01056,0.404442933629,0.0,0.0,0.404442933629,0.397472918679,0.145686556447,0.000687623252409,1.29690276337e-07,0.0,0.0
485726.330623,0.299619239455,0.0,0.0,0.299619239455,0.716589541265,0.149799328762,0.000972358196632,1.45770901359e-07,0.0,0.0
1197211.53714,0.358248664175,0.0,0.0,0.358248664175,0.492068387105,0.233944450935,0.000662186224516,1.58828115517e-07,0.0,0.0
313284.09366,0.328676119482,0.0,0.0,0.328676119482,0.252268728214,0.243036172165,0.000567803876881,2.47760504557e-07,0.0,0.0
30073.7177707,0.235587853209,0.0,0.0,0.235587853209,0.594685639505,0.217592818631,0.000703968195382,1.36256327706e-07,0.0,0.0
540567.393157,0.340823440513,0.0,0.0,0.340823440513,0.394511577228,0.200539255054,0.000652781045141,1.65733940449e-07,0.0,0.0
72183.18273,0.247698548737,0.0,0.0,0.247698548737,0.822314756586,0.0486515464155,0.00191394798942,1.49170165695e-07,0.0,0.0
238405.19921,0.31085710188,0.0,0.0,0.31085710188,0.20363710141,0.577496961708,0.000401034225898,3.88565430651e-07,0.0,0.0
86801.574843,0.262991726295,0.0,0.0,0.262991726295,0.633394675291,0.268713367246,0.00175946231657,1.04884045205e-06,0.0,0.0
49699.9480362,0.239146310029,0.0,0.0,0.239146310029,0.691683586265,0.186948423467,0.00110367047745,2.49698000518e-07,0.0,0.0
30607.5727802,0.247831715341,0.0,0.0,0.247831715341,0.445449400906,0.307438995595,0.000617508286726,2.05599577202e-07,0.0,0.0
3951980.38206,0.388604683861,0.0,0.0,0.388604683861,0.539785659576,0.166993747218,0.000705340120278,1.13863243676e-07,0.0,0.0
57250.9579276,0.267480851175,0.0,0.0,0.267480851175,0.234996532841,0.551817857412,0.000430612317624,3.66864100427e-07,0.0,0.0
146980.99493,0.259917268088,0.0,0.0,0.259917268088,0.587993401794,0.308748093043,0.00115090079013,5.52746015109e-07,0.0,0.0
1129316.23405,0.357220507047,0.0,0.0,0.357220507047,0.290862318366,0.373839546007,0.000524545455105,2.87256966457e-07,0.0,0.0
62930.0799161,0.267025680823,0.0,0.0,0.267025680823,0.536710979324,0.278634927517,0.000863207483243,3.03034735443e-07,0.0,0.0
2262.24765564,0.0980462270294,0.0,0.0,0.0980462270294,0.632536271704,0.249677453008,0.00386662443454,4.80946368388e-06,0.0,0.0
2561.79767353,0.159591781805,0.0,0.0,0.159591781805,0.489978213923,0.336417124485,0.00371232249005,8.01809956058e-06,0.0,0.0
55920.5526111,0.245435985056,0.0,0.0,0.245435985056,0.515597684502,0.331319513001,0.000666954420302,2.2446086481e-07,0.0,0.0
7518.97060289,0.20165162469,0.0,0.0,0.20165162469,0.813558002343,0.0530744244789,0.00442895381748,9.17124140527e-07,0.0,0.0
12439.3372202,0.2013607822,0.0,0.0,0.2013607822,0.200837695012,0.666681682936,0.00135758564254,5.59898699794e-06,0.0,0.0
2854576.61658,0.374419339631,0.0,0.0,0.374419339631,0.510634486395,0.179226141216,0.000693576084168,1.26013276959e-07,0.0,0.0
453532.88097,0.311034971521,0.0,0.0,0.311034971521,0.520068929179,0.221713599378,0.000677128168282,1.47898617122e-07,0.0,0.0
9063.88497357,0.183883341594,0.0,0.0,0.183883341594,0.643463297885,0.230679595636,0.00378156721807,4.14675055134e-06,0.0,0.0
33041.4508829,0.207289738519,0.0,0.0,0.207289738519,0.780987696278,0.0873496333334,0.000860666756547,5.77658758834e-08,0.0,0.0
7434.56335962,0.186618082206,0.0,0.0,0.186618082206,0.686883143167,0.166193667029,0.00255788068016,1.22399212032e-06,0.0,0.0
137106.403864,0.276532981245,0.0,0.0,0.276532981245,0.464538201851,0.385265999283,0.000627811819159,2.60426779951e-07,0.0,0.0
6600.12757246,0.171169285893,0.0,0.0,0.171169285893,0.653873337968,0.239183162771,0.00403979801937,4.84792850506e-06,0.0,0.0
3624.89249531,0.140309351162,0.0,0.0,0.140309351162,0.624387291288,0.277714706737,0.00436383809117,6.99634992214e-06,0.0,0.0
14049.3797685,0.219953065825,0.0,0.0,0.219953065825,0.628252568871,0.262842105196,0.00343669602694,4.02576421879e-06,0.0,0.0
95896.6620721,0.25638083029,0.0,0.0,0.25638083029,0.613190907457,0.285289641441,0.0014383360686,7.68567328762e-07,0.0,0.0
65984.4963399,0.261143098925,0.0,0.0,0.261143098925,0.699460122368,0.163325624924,0.00130903039899,3.01624481297e-07,0.0,0.0
18850.1529882,0.194601504538,0.0,0.0,0.194601504538,0.481972221453,0.42565682216,0.00125743025663,1.16284682677e-06,0.0,0.0
72623.5243086,0.23673008646,0.0,0.0,0.23673008646,0.746617152716,0.154979663258,0.00217147542063,7.45875973912e-07,0.0,0.0
93198.8850919,0.256651586459,0.0,0.0,0.256651586459,0.689641451767,0.225801981828,0.00177865326834,8.11893038229e-07,0.0,0.0
81398.4524054,0.260920080186,0.0,0.0,0.260920080186,0.525216243114,0.35144041725,0.00133080088454,9.64939314968e-07,0.0,0.0
48242.8793582,0.23558135578,0.0,0.0,0.23558135578,0.655932732303,0.246382456243,0.0021392324846,1.366231777e-06,0.0,0.0
5260.53055846,0.218580022208,0.0,0.0,0.218580022208,0.464733434289,0.284937218816,0.00317703102887,5.17085536478e-06,0.0,0.0
5734.17636294,0.192411828143,0.0,0.0,0.192411828143,0.699647929788,0.134089527789,0.00414752724152,2.55316308714e-06,0.0,0.0
1022048.26988,0.326396471683,0.0,0.0,0.326396471683,0.742376769299,0.0592747741127,0.000798857712084,3.42991281887e-08,0.0,0.0
13843.475279,0.164796267174,0.0,0.0,0.164796267174,0.505397038765,0.384834876024,0.000775863671504,3.67598808486e-07,0.0,0.0
16636.3113562,0.220331355473,0.0,0.0,0.220331355473,0.844847335049,0.0212748868703,0.00452838252239,3.44950077188e-07,0.0,0.0
366925.869276,0.320895209771,0.0,0.0,0.320895209771,0.595864716127,0.0992610339733,0.000749251033996,6.62344873421e-08,0.0,0.0
5137.17302228,0.170088369776,0.0,0.0,0.170088369776,0.750993078286,0.134988367693,0.00439097983694,2.67834662943e-06,0.0,0.0
2988363.50453,0.398101157115,0.0,0.0,0.398101157115,0.433021602704,0.170069838437,0.000680535118337,1.36761258242e-07,0.0,0.0
211234.911172,0.272238105588,0.0,0.0,0.272238105588,0.725358610982,0.143962511793,0.00119612793021,2.11324239067e-07,0.0,0.0
3398.96268794,0.110853074453,0.0,0.0,0.110853074453,0.82781201796,0.0509822811932,0.00367274596023,5.88685527783e-07,0.0,0.0
19941.8786024,0.209366010283,0.0,0.0,0.209366010283,0.779558588771,0.106131883544,0.00261066974432,6.88318469497e-07,0.0,0.0
7789.18641943,0.21574799723,0.0,0.0,0.21574799723,0.351220061821,0.404922368495,0.00215190213302,4.5987168561e-06,0.0,0.0
14946.207494,0.177983709992,0.0,0.0,0.177983709992,0.627134397108,0.291698267316,0.00206943428138,1.61235804283e-06,0.0,0.0
35739.6674464,0.233450215789,0.0,0.0,0.233450215789,0.657130239868,0.230386467523,0.00191379199525,1.00965566723e-06,0.0,0.0
5538.90416759,0.125145698417,0.0,0.0,0.125145698417,0.796661336011,0.110270883848,0.00310845796262,1.00049802667e-06,0.0,0.0
12091.5956989,0.16284080788,0.0,0.0,0.16284080788,0.48481918114,0.419672168687,0.00109012144448,8.48048412707e-07,0.0,0.0
1215374.28406,0.361629183572,0.0,0.0,0.361629183572,0.395601483481,0.192953064592,0.000657428153799,1.60855016351e-07,0.0,0.0
1112763.95968,0.35742810315,0.0,0.0,0.35742810315,0.291923381857,0.394405072455,0.000517172456338,2.94442773002e-07,0.0,0.0
88603.1497275,0.268627864293,0.0,0.0,0.268627864293,0.579838033406,0.187326801271,0.000705367464367,1.19383134875e-07,0.0,0.0
751817.811971,0.341920352081,0.0,0.0,0.341920352081,0.41736556832,0.223164385139,0.000647262220059,1.71995887284e-07,0.0,0.0
8772.70414485,0.139331258151,0.0,0.0,0.139331258151,0.557228620521,0.332701685473,0.00110178839119,5.82442637242e-07,0.0,0.0
124382.490745,0.272027041509,0.0,0.0,0.272027041509,0.74237459333,0.129856003464,0.00107309451801,1.47544134206e-07,0.0,0.0
22421.8765333,0.188369349777,0.0,0.0,0.188369349777,0.656057639406,0.256689419743,0.0018760089822,1.09474453301e-06,0.0,0.0
666920.939924,0.327735289953,0.0,0.0,0.327735289953,0.592821311188,0.169076837396,0.000716742764057,1.07844832587e-07,0.0,0.0
17995.5911501,0.187254739647,0.0,0.0,0.187254739647,0.777189631175,0.12390350843,0.00155093380402,2.83134948401e-07,0.0,0.0
258018.296266,0.276311810419,0.0,0.0,0.276311810419,0.586812325118,0.281208287159,0.000911892383179,3.12347569723e-07,0.0,0.0
492790.957738,0.315167442776,0.0,0.0,0.315167442776,0.527221815766,0.296541499469,0.000670429697429,1.96013891781e-07,0.0,0.0
238306.552166,0.276055074123,0.0,0.0,0.276055074123,0.497108399517,0.345676475923,0.000647977233113,2.29615901792e-07,0.0,0.0
65674.4500337,0.251852649661,0.0,0.0,0.251852649661,0.755532378753,0.134889747696,0.00171784945851,3.94369717038e-07,0.0,0.0
88045.8148804,0.251592325025,0.0,0.0,0.251592325025,0.765902752478,0.104569348658,0.000886932877369,7.62559641987e-08,0.0,0.0
7151.23411591,0.181323899427,0.0,0.0,0.181323899427,0.668989972396,0.221423621641,0.00455202740885,5.55579164567e-06,0.0,0.0
46043.6443829,0.21733869664,0.0,0.0,0.21733869664,0.668625988491,0.203632127751,0.000784472325792,1.40118533461e-07,0.0,0.0
25349.0593683,0.238967439951,0.0,0.0,0.238967439951,0.465130744381,0.389885865437,0.00194078967609,2.64871225626e-06,0.0,0.0
26232.6248204,0.213896835142,0.0,0.0,0.213896835142,0.661955299331,0.217570787544,0.00107846427475,2.93288507329e-07,0.0,0.0
129267.997525,0.286049809729,0.0,0.0,0.286049809729,0.489084284974,0.3002525958,0.000637063803357,1.93280692848e-07,0.0,0.0
12899091.4067,0.472446661129,0.0,0.0,0.472446661129,0.284632709329,0.0657723367204,0.000725691152926,8.81810163282e-08,0.0,0.0
5249.05938697,0.197149184667,0.0,0.0,0.197149184667,0.670266233634,0.124419911662,0.00398161748745,2.26997050531e-06,0.0,0.0
876754.32018,0.304510348284,0.0,0.0,0.304510348284,0.677328336509,0.188347461843,0.000834375368465,1.44585040878e-07,0.0,0.0
28063.2865501,0.225380597139,0.0,0.0,0.225380597139,0.665090161082,0.158466501503,0.000755301400683,9.93110595253e-08,0.0,0.0
21287.8214207,0.223886105264,0.0,0.0,0.223886105264,0.308578095494,0.574269213293,0.00186811844802,5.76940607633e-06,0.0,0.0
159513.245819,0.267268331357,0.0,0.0,0.267268331357,0.630670308324,0.246198513839,0.000901379281645,2.44104174445e-07,0.0,0.0
234692.336505,0.280199814454,0.0,0.0,0.280199814454,0.613115507507,0.270703060571,0.000985389136245,3.34008102483e-07,0.0,0.0
10303.4623889,0.202903701427,0.0,0.0,0.202903701427,0.485367758063,0.4008308733,0.00338135574202,8.08785256961e-06,0.0,0.0
14484.1847833,0.178435809515,0.0,0.0,0.178435809515,0.490741834544,0.396967990568,0.00135706957422,1.23300846029e-06,0.0,0.0
2350.4986386,0.0865810324006,0.0,0.0,0.0865810324006,0.64020926919,0.252942573144,0.00357083668546,4.09631672959e-06,0.0,0.0
2482239.11755,0.392431847142,0.0,0.0,0.392431847142,0.511595221994,0.0989618178712,0.000738170770813,7.54290844922e-08,0.0,0.0
86099.2345391,0.264803914402,0.0,0.0,0.264803914402,0.683842907405,0.217169414661,0.00178120085674,7.86693192886e-07,0.0,0.0
665170.344067,0.357699329583,0.0,0.0,0.357699329583,0.343448044409,0.295670020485,0.000584987554906,2.33351177649e-07,0.0,0.0
161481.21999,0.284975583855,0.0,0.0,0.284975583855,0.49435447681,0.324916635554,0.000642546165508,2.12151082906e-07,0.0,0.0
163780.812141,0.264500929487,0.0,0.0,0.264500929487,0.602595903822,0.243844196019,0.000726493014635,1.62380372616e-07,0.0,0.0
4752.80363277,0.148321561501,0.0,0.0,0.148321561501,0.806323262786,0.0877040318021,0.00485191436286,1.91301897694e-06,0.0,0.0
861323.802489,0.30457028607,0.0,0.0,0.30457028607,0.648380894511,0.239438147147,0.000855991649546,2.06206483233e-07,0.0,0.0
4440.71244617,0.132707550798,0.0,0.0,0.132707550798,0.68140850372,0.224887193189,0.00437945970974,5.11533517889e-06,0.0,0.0
3446.95041216,0.120967158192,0.0,0.0,0.120967158192,0.779235047013,0.105125087577,0.00424071371512,1.83142227358e-06,0.0,0.0
955739.467728,0.356192582438,0.0,0.0,0.356192582438,0.380792389999,0.286622381163,0.000603866816689,2.15539248006e-07,0.0,0.0
1990.58636411,0.0890675157391,0.0,0.0,0.0890675157391,0.851149140088,0.0290786167558,0.00418266200111,4.066964734e-07,0.0,0.0
24112.3404508,0.194791574228,0.0,0.0,0.194791574228,0.738351079736,0.151043646178,0.00174676619603,4.72143188994e-07,0.0,0.0
2097.78671994,0.0696812225032,0.0,0.0,0.0696812225032,0.67865380332,0.225823204163,0.00394374897556,4.16485598983e-06,0.0,0.0
9057.01528775,0.129234253425,0.0,0.0,0.129234253425,0.667176865052,0.253200757787,0.00211123282399,1.35096536591e-06,0.0,0.0
413467.507845,0.299702915415,0.0,0.0,0.299702915415,0.745242900821,0.036340041156,0.00080872817041,2.06957810341e-08,0.0,0.0
16691.365872,0.186547166852,0.0,0.0,0.186547166852,0.434288915135,0.467543010045,0.00127431975597,1.47571845676e-06,0.0,0.0
46613.3796937,0.236403933503,0.0,0.0,0.236403933503,0.779265938884,0.0639589372133,0.001467912149,1.23598034255e-07,0.0,0.0
150898.800782,0.269839498296,0.0,0.0,0.269839498296,0.532734729568,0.347971625765,0.000777222020579,3.13020811435e-07,0.0,0.0
7230.30366469,0.18656582112,0.0,0.0,0.18656582112,0.621531890549,0.231541907198,0.00430914965855,5.64080013374e-06,0.0,0.0
22943.4195501,0.223588222292,0.0,0.0,0.223588222292,0.263555832322,0.621921144994,0.00126213212773,3.34849628112e-06,0.0,0.0
514746.923844,0.287002941555,0.0,0.0,0.287002941555,0.68266350748,0.203530051408,0.00099452062376,2.22889963084e-07,0.0,0.0
